original_path,original_size_bytes,original_sha256,part_number,part_count,part_path,part_size_bytes,part_sha256
batches/registers/BATCH2_ENGINEERING_AUTHORITY_REGISTER_2026-08-27.csv,180150,5fe258101501df84a41e2a29c623221930d5421bf14a3ce4387f160a3f90c347,1,4,batches/registers/BATCH2_ENGINEERING_AUTHORITY_REGISTER_2026-08-27.csv.parts/BATCH2_ENGINEERING_AUTHORITY_REGISTER_2026-08-27.csv.part-0001,47799,a9ce9dc920a7c785480a0fff7b435cccb7718a850938a9811cd1ef26d7810d3a
batches/registers/BATCH2_ENGINEERING_AUTHORITY_REGISTER_2026-08-27.csv,180150,5fe258101501df84a41e2a29c623221930d5421bf14a3ce4387f160a3f90c347,2,4,batches/registers/BATCH2_ENGINEERING_AUTHORITY_REGISTER_2026-08-27.csv.parts/BATCH2_ENGINEERING_AUTHORITY_REGISTER_2026-08-27.csv.part-0002,47378,917f0a0e56cc5a36723817da7a0a6b947aa20b580c9b772cd699de11c51bee01
batches/registers/BATCH2_ENGINEERING_AUTHORITY_REGISTER_2026-08-27.csv,180150,5fe258101501df84a41e2a29c623221930d5421bf14a3ce4387f160a3f90c347,3,4,batches/registers/BATCH2_ENGINEERING_AUTHORITY_REGISTER_2026-08-27.csv.parts/BATCH2_ENGINEERING_AUTHORITY_REGISTER_2026-08-27.csv.part-0003,47486,18d2276d1ab8edc1af7135f6df5959bbdf5b855914244254a681f592f943d1fa
batches/registers/BATCH2_ENGINEERING_AUTHORITY_REGISTER_2026-08-27.csv,180150,5fe258101501df84a41e2a29c623221930d5421bf14a3ce4387f160a3f90c347,4,4,batches/registers/BATCH2_ENGINEERING_AUTHORITY_REGISTER_2026-08-27.csv.parts/BATCH2_ENGINEERING_AUTHORITY_REGISTER_2026-08-27.csv.part-0004,37487,addfbae16fa70618c9d14d4b857eafaec26ce1f0bf46b4ccceefbf2a1490ea52
batches/registers/BATCH4_SOFTWARE_DATA_CYBER_AUTHORITY_REGISTER_2026-08-27.csv,76581,78cdd24d76b183040d711dd16700c20d5c3f6f43ad738c1cd3bed93132ddfffa,1,2,batches/registers/BATCH4_SOFTWARE_DATA_CYBER_AUTHORITY_REGISTER_2026-08-27.csv.parts/BATCH4_SOFTWARE_DATA_CYBER_AUTHORITY_REGISTER_2026-08-27.csv.part-0001,46961,d455c0f22c184563010f1f300b5c3257560b3be135ded18a6b2ae67e5d4f97e1
batches/registers/BATCH4_SOFTWARE_DATA_CYBER_AUTHORITY_REGISTER_2026-08-27.csv,76581,78cdd24d76b183040d711dd16700c20d5c3f6f43ad738c1cd3bed93132ddfffa,2,2,batches/registers/BATCH4_SOFTWARE_DATA_CYBER_AUTHORITY_REGISTER_2026-08-27.csv.parts/BATCH4_SOFTWARE_DATA_CYBER_AUTHORITY_REGISTER_2026-08-27.csv.part-0002,29620,cde41343aae2eb132f2a0a5aaadb4ec130cc2b26f91f980b29ef412efb0a854f
batches/registers/BATCH8_HISTORICAL_MOKO_LINEAGE_AUTHORITY_REGISTER_2026-08-28.csv,51120,c519de705a352a31400c1ea23c6967c915f7c9485a96751b13a11ea44cbf56a1,1,2,batches/registers/BATCH8_HISTORICAL_MOKO_LINEAGE_AUTHORITY_REGISTER_2026-08-28.csv.parts/BATCH8_HISTORICAL_MOKO_LINEAGE_AUTHORITY_REGISTER_2026-08-28.csv.part-0001,47713,d72a08f38d7879992ba6041163bee9fa62705b6852315d3c15adccc2e543719c
batches/registers/BATCH8_HISTORICAL_MOKO_LINEAGE_AUTHORITY_REGISTER_2026-08-28.csv,51120,c519de705a352a31400c1ea23c6967c915f7c9485a96751b13a11ea44cbf56a1,2,2,batches/registers/BATCH8_HISTORICAL_MOKO_LINEAGE_AUTHORITY_REGISTER_2026-08-28.csv.parts/BATCH8_HISTORICAL_MOKO_LINEAGE_AUTHORITY_REGISTER_2026-08-28.csv.part-0002,3407,f65eb1d6da8b1cd6c6fdb10cafbd44f762004a46a97eca7ca6a42ad748fecd07
batches/registers/BATCH9_TECHNICAL_HANDOFF_PREBENCH_AUTHORITY_REGISTER_2026-08-28.csv,53742,42747091d6961fc27c22b9e3cc9dcec73b1cbcf2dc486f5acf5323b168aec79c,1,2,batches/registers/BATCH9_TECHNICAL_HANDOFF_PREBENCH_AUTHORITY_REGISTER_2026-08-28.csv.parts/BATCH9_TECHNICAL_HANDOFF_PREBENCH_AUTHORITY_REGISTER_2026-08-28.csv.part-0001,47331,dcd3d3150b21a1389ba65bd174a529ed510b0eb642ef4abc24b93e77c20d4172
batches/registers/BATCH9_TECHNICAL_HANDOFF_PREBENCH_AUTHORITY_REGISTER_2026-08-28.csv,53742,42747091d6961fc27c22b9e3cc9dcec73b1cbcf2dc486f5acf5323b168aec79c,2,2,batches/registers/BATCH9_TECHNICAL_HANDOFF_PREBENCH_AUTHORITY_REGISTER_2026-08-28.csv.parts/BATCH9_TECHNICAL_HANDOFF_PREBENCH_AUTHORITY_REGISTER_2026-08-28.csv.part-0002,6411,a505a789a4249fd8b5237670f0ae8d1d2fd4aebec7116cd933e918c8ee163615
indexes/SOURCE_PAYLOAD_REFERENCE_INDEX.csv,319578,aa8ce02757622ef7bb2ca966d02438236af20202cc768a0ee7fefcd40b2d4ece,1,7,indexes/SOURCE_PAYLOAD_REFERENCE_INDEX.csv.parts/SOURCE_PAYLOAD_REFERENCE_INDEX.csv.part-0001,47725,bdeb7895247beac00a1765c88fc09b136e0e797e77b0f152c95fc457c2b2a8c5
indexes/SOURCE_PAYLOAD_REFERENCE_INDEX.csv,319578,aa8ce02757622ef7bb2ca966d02438236af20202cc768a0ee7fefcd40b2d4ece,2,7,indexes/SOURCE_PAYLOAD_REFERENCE_INDEX.csv.parts/SOURCE_PAYLOAD_REFERENCE_INDEX.csv.part-0002,47571,4537bc0f2839708e0251649d9aa7f1c5b1d89eb5bd3018421366de7d6f3ee271
indexes/SOURCE_PAYLOAD_REFERENCE_INDEX.csv,319578,aa8ce02757622ef7bb2ca966d02438236af20202cc768a0ee7fefcd40b2d4ece,3,7,indexes/SOURCE_PAYLOAD_REFERENCE_INDEX.csv.parts/SOURCE_PAYLOAD_REFERENCE_INDEX.csv.part-0003,47494,7a9461b10648cdad65f4d011d7d1a34bf7810e6929d2f09a766dcf45d444fb77
indexes/SOURCE_PAYLOAD_REFERENCE_INDEX.csv,319578,aa8ce02757622ef7bb2ca966d02438236af20202cc768a0ee7fefcd40b2d4ece,4,7,indexes/SOURCE_PAYLOAD_REFERENCE_INDEX.csv.parts/SOURCE_PAYLOAD_REFERENCE_INDEX.csv.part-0004,47295,b8c420bc87c10e28a7fa7b85da102b1f9be4ab495ad6fbbeb01c9c0b658db41d
indexes/SOURCE_PAYLOAD_REFERENCE_INDEX.csv,319578,aa8ce02757622ef7bb2ca966d02438236af20202cc768a0ee7fefcd40b2d4ece,5,7,indexes/SOURCE_PAYLOAD_REFERENCE_INDEX.csv.parts/SOURCE_PAYLOAD_REFERENCE_INDEX.csv.part-0005,47368,85ce64caead72e8504f398a8f91e090c5b45035746e3a212f6c5f7681bba1216
indexes/SOURCE_PAYLOAD_REFERENCE_INDEX.csv,319578,aa8ce02757622ef7bb2ca966d02438236af20202cc768a0ee7fefcd40b2d4ece,6,7,indexes/SOURCE_PAYLOAD_REFERENCE_INDEX.csv.parts/SOURCE_PAYLOAD_REFERENCE_INDEX.csv.part-0006,47562,1b30c0f62e0ba46b805a74ba65fc43cc82a05b89aa579e0301829a5c25563f8e
indexes/SOURCE_PAYLOAD_REFERENCE_INDEX.csv,319578,aa8ce02757622ef7bb2ca966d02438236af20202cc768a0ee7fefcd40b2d4ece,7,7,indexes/SOURCE_PAYLOAD_REFERENCE_INDEX.csv.parts/SOURCE_PAYLOAD_REFERENCE_INDEX.csv.part-0007,34563,80e49c41e981f68ed1ef60d031b33d5bacf87e136fc4a780fa102422d1773716
registers/MASTER_EVIDENCE_REGISTER.csv,229369,eb2eeeb5e10eb5316b5e9e69b6281454ca7823bd81dbf70cf6e70e4cacba0d95,1,5,registers/MASTER_EVIDENCE_REGISTER.csv.parts/MASTER_EVIDENCE_REGISTER.csv.part-0001,47565,1cb52c382c078414fe89e98c3b78aeb97c47efec327b4ca7ca7feb1dda9f5473
registers/MASTER_EVIDENCE_REGISTER.csv,229369,eb2eeeb5e10eb5316b5e9e69b6281454ca7823bd81dbf70cf6e70e4cacba0d95,2,5,registers/MASTER_EVIDENCE_REGISTER.csv.parts/MASTER_EVIDENCE_REGISTER.csv.part-0002,47805,e42feae015808ed8889e363831d04d1dee007a6a9672884b149d6a6f535e4cba
registers/MASTER_EVIDENCE_REGISTER.csv,229369,eb2eeeb5e10eb5316b5e9e69b6281454ca7823bd81dbf70cf6e70e4cacba0d95,3,5,registers/MASTER_EVIDENCE_REGISTER.csv.parts/MASTER_EVIDENCE_REGISTER.csv.part-0003,47516,c0439bb855e542f50cec8daeaf438840bd93caf00816d954ba697ecdfa1a6639
registers/MASTER_EVIDENCE_REGISTER.csv,229369,eb2eeeb5e10eb5316b5e9e69b6281454ca7823bd81dbf70cf6e70e4cacba0d95,4,5,registers/MASTER_EVIDENCE_REGISTER.csv.parts/MASTER_EVIDENCE_REGISTER.csv.part-0004,47504,acab62ef74fcb81c8a496fb2b94a88e052d391db75ec0f8d5ac3d9a2c45b7d15
registers/MASTER_EVIDENCE_REGISTER.csv,229369,eb2eeeb5e10eb5316b5e9e69b6281454ca7823bd81dbf70cf6e70e4cacba0d95,5,5,registers/MASTER_EVIDENCE_REGISTER.csv.parts/MASTER_EVIDENCE_REGISTER.csv.part-0005,38979,90f1670e5d8560653a8a326490286d7d22a2179aaa8ae10a4f43d3a83f5ad776
registers/MASTER_RECONCILIATION_MATRIX.csv,938292,f2d52152a827f9f706b8671bb97d18a796d03f5ccf501bca3db232d10bc25773,1,20,registers/MASTER_RECONCILIATION_MATRIX.csv.parts/MASTER_RECONCILIATION_MATRIX.csv.part-0001,47938,bff520694a387a5857094c614e49042aa887d92c250982c2bc0f62459d8afe72
registers/MASTER_RECONCILIATION_MATRIX.csv,938292,f2d52152a827f9f706b8671bb97d18a796d03f5ccf501bca3db232d10bc25773,2,20,registers/MASTER_RECONCILIATION_MATRIX.csv.parts/MASTER_RECONCILIATION_MATRIX.csv.part-0002,46322,fb66e46ab4a3356f4b522a32a100d7a94c595c8e7f782353f428e56d67258431
registers/MASTER_RECONCILIATION_MATRIX.csv,938292,f2d52152a827f9f706b8671bb97d18a796d03f5ccf501bca3db232d10bc25773,3,20,registers/MASTER_RECONCILIATION_MATRIX.csv.parts/MASTER_RECONCILIATION_MATRIX.csv.part-0003,47282,bd4b8c9afc3ecd5462fa8ffc8594d7542ac224b2937ee63323af561dced49e5e
registers/MASTER_RECONCILIATION_MATRIX.csv,938292,f2d52152a827f9f706b8671bb97d18a796d03f5ccf501bca3db232d10bc25773,4,20,registers/MASTER_RECONCILIATION_MATRIX.csv.parts/MASTER_RECONCILIATION_MATRIX.csv.part-0004,47788,2a62ae38b4dde4b21d1cdcc8fb3418ce81ac53eee4c36956dfe4fe9a561e182f
registers/MASTER_RECONCILIATION_MATRIX.csv,938292,f2d52152a827f9f706b8671bb97d18a796d03f5ccf501bca3db232d10bc25773,5,20,registers/MASTER_RECONCILIATION_MATRIX.csv.parts/MASTER_RECONCILIATION_MATRIX.csv.part-0005,47935,b324f6c91f4046a6fba4fb4440d57e085f9e31eafebf558aa3acb6b77005d793
registers/MASTER_RECONCILIATION_MATRIX.csv,938292,f2d52152a827f9f706b8671bb97d18a796d03f5ccf501bca3db232d10bc25773,6,20,registers/MASTER_RECONCILIATION_MATRIX.csv.parts/MASTER_RECONCILIATION_MATRIX.csv.part-0006,47031,18ef6a25e89a251983b5268bdafb9b979cea2f47b36c8d8cfb78ee89913a693c
registers/MASTER_RECONCILIATION_MATRIX.csv,938292,f2d52152a827f9f706b8671bb97d18a796d03f5ccf501bca3db232d10bc25773,7,20,registers/MASTER_RECONCILIATION_MATRIX.csv.parts/MASTER_RECONCILIATION_MATRIX.csv.part-0007,47241,aeb4ff393b32719aade3c981017748d786c1286d49606756f37385da8dbf92d2
registers/MASTER_RECONCILIATION_MATRIX.csv,938292,f2d52152a827f9f706b8671bb97d18a796d03f5ccf501bca3db232d10bc25773,8,20,registers/MASTER_RECONCILIATION_MATRIX.csv.parts/MASTER_RECONCILIATION_MATRIX.csv.part-0008,46921,645ed3d49c0a81b496146350195a5654af1bf32678d4f58a12c1baf080873697
registers/MASTER_RECONCILIATION_MATRIX.csv,938292,f2d52152a827f9f706b8671bb97d18a796d03f5ccf501bca3db232d10bc25773,9,20,registers/MASTER_RECONCILIATION_MATRIX.csv.parts/MASTER_RECONCILIATION_MATRIX.csv.part-0009,47329,884f787d382ec6830e5860af4950004650c86ebb5f9006e2114e1183f1b45791
registers/MASTER_RECONCILIATION_MATRIX.csv,938292,f2d52152a827f9f706b8671bb97d18a796d03f5ccf501bca3db232d10bc25773,10,20,registers/MASTER_RECONCILIATION_MATRIX.csv.parts/MASTER_RECONCILIATION_MATRIX.csv.part-0010,47306,37dbf92a260d595874fd71a26ec15a2a3180f8a0213d38b83453eee94c8e06ca
registers/MASTER_RECONCILIATION_MATRIX.csv,938292,f2d52152a827f9f706b8671bb97d18a796d03f5ccf501bca3db232d10bc25773,11,20,registers/MASTER_RECONCILIATION_MATRIX.csv.parts/MASTER_RECONCILIATION_MATRIX.csv.part-0011,46479,0b4e99e0934bb2cd61b271ead2910a98494596f2219868898fbe3ae3309f1164
registers/MASTER_RECONCILIATION_MATRIX.csv,938292,f2d52152a827f9f706b8671bb97d18a796d03f5ccf501bca3db232d10bc25773,12,20,registers/MASTER_RECONCILIATION_MATRIX.csv.parts/MASTER_RECONCILIATION_MATRIX.csv.part-0012,47464,5e0799a94ec2560084b076cb2b593fea34ee85dd85b7a3ea1e235f7cd748fc04
registers/MASTER_RECONCILIATION_MATRIX.csv,938292,f2d52152a827f9f706b8671bb97d18a796d03f5ccf501bca3db232d10bc25773,13,20,registers/MASTER_RECONCILIATION_MATRIX.csv.parts/MASTER_RECONCILIATION_MATRIX.csv.part-0013,47318,b4352d22e5a82269c88b42848bec7f39f1919d46e6b70f2e2eea9bf2afe08f0d
registers/MASTER_RECONCILIATION_MATRIX.csv,938292,f2d52152a827f9f706b8671bb97d18a796d03f5ccf501bca3db232d10bc25773,14,20,registers/MASTER_RECONCILIATION_MATRIX.csv.parts/MASTER_RECONCILIATION_MATRIX.csv.part-0014,46516,e24a91cc483d3445c73dccc4884619f5d2272823db1fea3e8adcaefc49686a85
registers/MASTER_RECONCILIATION_MATRIX.csv,938292,f2d52152a827f9f706b8671bb97d18a796d03f5ccf501bca3db232d10bc25773,15,20,registers/MASTER_RECONCILIATION_MATRIX.csv.parts/MASTER_RECONCILIATION_MATRIX.csv.part-0015,47644,c212732e7c56390cf85e8937c2631cdd181048c1dda3a1179c3bf34a95221ca7
registers/MASTER_RECONCILIATION_MATRIX.csv,938292,f2d52152a827f9f706b8671bb97d18a796d03f5ccf501bca3db232d10bc25773,16,20,registers/MASTER_RECONCILIATION_MATRIX.csv.parts/MASTER_RECONCILIATION_MATRIX.csv.part-0016,47419,32282a2e4400d4f4ffc6067b8e8670be98246af8f31218dc28bca2ca390856d4
registers/MASTER_RECONCILIATION_MATRIX.csv,938292,f2d52152a827f9f706b8671bb97d18a796d03f5ccf501bca3db232d10bc25773,17,20,registers/MASTER_RECONCILIATION_MATRIX.csv.parts/MASTER_RECONCILIATION_MATRIX.csv.part-0017,46544,7fd5442bb7474612bd741b0a4ecd0c8642da636ee08859595090eab8c7874545
registers/MASTER_RECONCILIATION_MATRIX.csv,938292,f2d52152a827f9f706b8671bb97d18a796d03f5ccf501bca3db232d10bc25773,18,20,registers/MASTER_RECONCILIATION_MATRIX.csv.parts/MASTER_RECONCILIATION_MATRIX.csv.part-0018,47078,1210d3ffd70f3831dca045183df3c7d8990af23287393a7e0da7bc65062447be
registers/MASTER_RECONCILIATION_MATRIX.csv,938292,f2d52152a827f9f706b8671bb97d18a796d03f5ccf501bca3db232d10bc25773,19,20,registers/MASTER_RECONCILIATION_MATRIX.csv.parts/MASTER_RECONCILIATION_MATRIX.csv.part-0019,47240,eafa97b4db19c38100964f0555d0bbbd1f5198f8f34c5e4f14f591b43c408746
registers/MASTER_RECONCILIATION_MATRIX.csv,938292,f2d52152a827f9f706b8671bb97d18a796d03f5ccf501bca3db232d10bc25773,20,20,registers/MASTER_RECONCILIATION_MATRIX.csv.parts/MASTER_RECONCILIATION_MATRIX.csv.part-0020,41497,c3a0c5d442eb3013131ba12838b292cc018b86fbe0761979e97e445a7210193d
registers/MASTER_SOURCE_REGISTER.csv,563552,1e66bff4badd30cabccc06d8bd49e08fd26d7354e9c6fa7aa5484a126bba9a91,1,12,registers/MASTER_SOURCE_REGISTER.csv.parts/MASTER_SOURCE_REGISTER.csv.part-0001,47602,f3dea077d1a753b24d98871cf7ba4eee8f8c1695b386a7341932f32a67dfed10
registers/MASTER_SOURCE_REGISTER.csv,563552,1e66bff4badd30cabccc06d8bd49e08fd26d7354e9c6fa7aa5484a126bba9a91,2,12,registers/MASTER_SOURCE_REGISTER.csv.parts/MASTER_SOURCE_REGISTER.csv.part-0002,47703,565410b4f066bbb09597cb965a21daae8534f473a6fff3b74ee45c0a8e1cdece
registers/MASTER_SOURCE_REGISTER.csv,563552,1e66bff4badd30cabccc06d8bd49e08fd26d7354e9c6fa7aa5484a126bba9a91,3,12,registers/MASTER_SOURCE_REGISTER.csv.parts/MASTER_SOURCE_REGISTER.csv.part-0003,47621,847531fce5ee8f470119caf71dfd7f8f97e6a2c792ea67c0b27101906db8faac
registers/MASTER_SOURCE_REGISTER.csv,563552,1e66bff4badd30cabccc06d8bd49e08fd26d7354e9c6fa7aa5484a126bba9a91,4,12,registers/MASTER_SOURCE_REGISTER.csv.parts/MASTER_SOURCE_REGISTER.csv.part-0004,47934,5403136aa487a23f8f5123cdad4c7e4f8984638d56371fc6e86eec2c58a6cec0
registers/MASTER_SOURCE_REGISTER.csv,563552,1e66bff4badd30cabccc06d8bd49e08fd26d7354e9c6fa7aa5484a126bba9a91,5,12,registers/MASTER_SOURCE_REGISTER.csv.parts/MASTER_SOURCE_REGISTER.csv.part-0005,47349,9a63a6e22e79e8e91a93b1a759392663df4aefca724de9aa567d52a757ef81ff
registers/MASTER_SOURCE_REGISTER.csv,563552,1e66bff4badd30cabccc06d8bd49e08fd26d7354e9c6fa7aa5484a126bba9a91,6,12,registers/MASTER_SOURCE_REGISTER.csv.parts/MASTER_SOURCE_REGISTER.csv.part-0006,47890,0b58db5ba8e380536e5db19f65bc39590a69585881ad67f543211432e10c77b6
registers/MASTER_SOURCE_REGISTER.csv,563552,1e66bff4badd30cabccc06d8bd49e08fd26d7354e9c6fa7aa5484a126bba9a91,7,12,registers/MASTER_SOURCE_REGISTER.csv.parts/MASTER_SOURCE_REGISTER.csv.part-0007,47747,60a111bd019450e13610b6dfc72ab9f086e30e7fbdc1d0742f32d1f0a6fdc4d7
registers/MASTER_SOURCE_REGISTER.csv,563552,1e66bff4badd30cabccc06d8bd49e08fd26d7354e9c6fa7aa5484a126bba9a91,8,12,registers/MASTER_SOURCE_REGISTER.csv.parts/MASTER_SOURCE_REGISTER.csv.part-0008,47951,48c2fa4bb680b9c4b64aeca477a9c9904cf7eb770f5d39314e20b0d875ffed5f
registers/MASTER_SOURCE_REGISTER.csv,563552,1e66bff4badd30cabccc06d8bd49e08fd26d7354e9c6fa7aa5484a126bba9a91,9,12,registers/MASTER_SOURCE_REGISTER.csv.parts/MASTER_SOURCE_REGISTER.csv.part-0009,47625,698fc3c7176bdcdc55bcabf4df3b794e2a85753033179bde99a97be591264db6
registers/MASTER_SOURCE_REGISTER.csv,563552,1e66bff4badd30cabccc06d8bd49e08fd26d7354e9c6fa7aa5484a126bba9a91,10,12,registers/MASTER_SOURCE_REGISTER.csv.parts/MASTER_SOURCE_REGISTER.csv.part-0010,47660,173d30e943e091e82d76a9d043c86e855084cce84d845aff197d2370b7a8547b
registers/MASTER_SOURCE_REGISTER.csv,563552,1e66bff4badd30cabccc06d8bd49e08fd26d7354e9c6fa7aa5484a126bba9a91,11,12,registers/MASTER_SOURCE_REGISTER.csv.parts/MASTER_SOURCE_REGISTER.csv.part-0011,47525,a1fea69b2bc839bad03b6b3cb9aa078746b45b020254c8ea20f2f427277dd3a8
registers/MASTER_SOURCE_REGISTER.csv,563552,1e66bff4badd30cabccc06d8bd49e08fd26d7354e9c6fa7aa5484a126bba9a91,12,12,registers/MASTER_SOURCE_REGISTER.csv.parts/MASTER_SOURCE_REGISTER.csv.part-0012,38945,a85525168bfe7b3c39dc19ef6f05c448cdc7a8f3a4751e2033fb389e366a5a3f
