artifact_id,artifact_name,role,local_path,actual_sha256,controlled_or_sidecar_sha256,hash_result,archive_test,handling,release_state,notes
SRC-GLOBAL-001,EMOPET_GLOBAL_CURRENT_2026-08-25(1).zip,IMMUTABLE GLOBAL SOURCE ZIP,upload/EMOPET_GLOBAL_CURRENT_2026-08-25(1).zip,f464f15959e2010e77302289d8622129673af613d3350bb863b85173b270b376,f464f15959e2010e77302289d8622129673af613d3350bb863b85173b270b376,PASS,PASS,SOURCE / IMMUTABLE,NOT RELEASED — SOURCE REFERENCE,Binary excluded from R2 payload; exact identity and custody recorded here.
SRC-CLOSURE-001,EMOPET_DISCOVERY_STOP_CONDITION_CLOSURE_2026-08-25(2).zip,DISCOVERY STOP-CONDITION CLOSURE INPUT,upload/EMOPET_DISCOVERY_STOP_CONDITION_CLOSURE_2026-08-25(2).zip,1f639ca3ee731124ef487edf260eddb933ae3373aeeb3f0431869ee65ae9c6e2,1f639ca3ee731124ef487edf260eddb933ae3373aeeb3f0431869ee65ae9c6e2,PASS,PASS,CONTROLLED INPUT / IMMUTABLE,CONTROLLED INPUT,Binary excluded from R2 payload; exact identity and custody recorded here.
AUDIT-DISCOVERY-001,EMOPET_DISCOVERY_AUDIT_WORKING_2026-08-25.zip,READ-ONLY DISCOVERY AUDIT,EMOPET_DOCUMENT_CONTROL_2026/10_RELEASE_CONTROL/EMOPET_DISCOVERY_AUDIT_WORKING_2026-08-25.zip,2975110461c4b0ae73b08ecbcfacbfa7e7ba0cc3f2e806d9ab54e0ce2779bc91,,PASS — IDENTITY RECORDED,PASS,HISTORICAL AUDIT,NOT RELEASED,Binary excluded from R2 payload; exact identity and custody recorded here.
PILOT-V2-001,EMOPET_V2_PILOT_CANDIDATE_2026-08-26.zip,CONTROLLED SEVEN-CATEGORY QA PILOT,EMOPET_DOCUMENT_CONTROL_2026/10_RELEASE_CONTROL/EMOPET_V2_PILOT_CANDIDATE_2026-08-26.zip,04410ba80917fca415df48c5775ee8547bb81c20683662d01d61343a77938153,04410ba80917fca415df48c5775ee8547bb81c20683662d01d61343a77938153,PASS,PASS,IMMUTABLE QA EVIDENCE,PASS_WITH_NOTES / NOT RELEASED,Binary excluded from R2 payload; exact identity and custody recorded here.
POST-B1-001,EMOPET_POST_PILOT_BATCH1_CHECKPOINT_2026-08-26_NOT_RELEASED.zip,POST-PILOT BATCH 1 CONTROL CHECKPOINT,EMOPET_DOCUMENT_CONTROL_2026/10_RELEASE_CONTROL/EMOPET_POST_PILOT_BATCH1_CHECKPOINT_2026-08-26_NOT_RELEASED.zip,d0a2118bbef9668a1121e9f4b91505ab085facbbe260723b9d91b80cade9099d,d0a2118bbef9668a1121e9f4b91505ab085facbbe260723b9d91b80cade9099d,PASS,PASS,IMMUTABLE CONTROL CHECKPOINT,NOT RELEASED,Binary excluded from R2 payload; exact identity and custody recorded here.
B1-EVID-001,EMOPET_BATCH1_EVIDENCE_CHECKPOINT_2026-08-26_NOT_RELEASED.zip,BATCH 1 EVIDENCE CHECKPOINT,EMOPET_DOCUMENT_CONTROL_2026/10_RELEASE_CONTROL/EMOPET_BATCH1_EVIDENCE_CHECKPOINT_2026-08-26_NOT_RELEASED.zip,42087b56b594de7c065e38a13ea02d9a05b4fcedf0f9713121690b9912a559f7,42087b56b594de7c065e38a13ea02d9a05b4fcedf0f9713121690b9912a559f7,PASS,PASS,IMMUTABLE CONTROL CHECKPOINT,NOT RELEASED,Binary excluded from R2 payload; exact identity and custody recorded here.
B2-ENG-001,EMOPET_BATCH2_ENGINEERING_CHECKPOINT_2026-08-27_NOT_RELEASED.zip,BATCH 2 ENGINEERING CHECKPOINT,EMOPET_DOCUMENT_CONTROL_2026/10_RELEASE_CONTROL/EMOPET_BATCH2_ENGINEERING_CHECKPOINT_2026-08-27_NOT_RELEASED.zip,89dd5b89ca2a73ddc7bcadbdaa0c961973f432273d179711f7f7c6f72a92ff9d,89dd5b89ca2a73ddc7bcadbdaa0c961973f432273d179711f7f7c6f72a92ff9d,PASS,PASS,IMMUTABLE CONTROL CHECKPOINT,NOT RELEASED,Binary excluded from R2 payload; exact identity and custody recorded here.
B3-SCI-001,EMOPET_BATCH3_SCIENCE_CHECKPOINT_2026-08-27_NOT_RELEASED.zip,BATCH 3 SCIENCE CHECKPOINT — RECOVERED EXACT ARCHIVE,EMOPET_DOCUMENT_CONTROL_2026/10_RELEASE_CONTROL/EMOPET_BATCH3_SCIENCE_CHECKPOINT_2026-08-27_NOT_RELEASED.zip,a457008037a5b14e47ae3c248728c375b3c4e5c4bf40bdf2b3e685c70f293aac,a457008037a5b14e47ae3c248728c375b3c4e5c4bf40bdf2b3e685c70f293aac,PASS,PASS,IMMUTABLE CONTROL CHECKPOINT,NOT RELEASED,Binary excluded from R2 payload; exact identity and custody recorded here.
B4-SW-001,EMOPET_BATCH4_SOFTWARE_DATA_CYBER_CHECKPOINT_2026-08-27_NOT_RELEASED.zip,BATCH 4 SOFTWARE / DATA / CYBER CHECKPOINT,EMOPET_DOCUMENT_CONTROL_2026/10_RELEASE_CONTROL/EMOPET_BATCH4_SOFTWARE_DATA_CYBER_CHECKPOINT_2026-08-27_NOT_RELEASED.zip,8eea92d6ddbef5adecae02ec3cf092a9832b4e753e19ed2dacb1ee2a03b1b8bf,8eea92d6ddbef5adecae02ec3cf092a9832b4e753e19ed2dacb1ee2a03b1b8bf,PASS,PASS,IMMUTABLE CONTROL CHECKPOINT,NOT RELEASED,Binary excluded from R2 payload; exact identity and custody recorded here.
B5-BFL-001,EMOPET_BATCH5_BUSINESS_FINANCE_LEGAL_CHECKPOINT_2026-08-28_NOT_RELEASED.zip,BATCH 5 BUSINESS / FINANCE / LEGAL CHECKPOINT,EMOPET_DOCUMENT_CONTROL_2026/10_RELEASE_CONTROL/EMOPET_BATCH5_BUSINESS_FINANCE_LEGAL_CHECKPOINT_2026-08-28_NOT_RELEASED.zip,cae4586357409ed73e067f56825cc4111618476d097db899e5d2358f2df4bcf7,cae4586357409ed73e067f56825cc4111618476d097db899e5d2358f2df4bcf7,PASS,PASS,IMMUTABLE CONTROL CHECKPOINT,NOT RELEASED,Binary excluded from R2 payload; exact identity and custody recorded here.
MOKO-r1.4,SUP-MOKO-004_EMOPET_Engineering_Review_Package_2026-08_r1.4.zip,MOKO IMMUTABLE HISTORICAL / SOURCE REFERENCE,EMOPET_DOCUMENT_CONTROL_2026/06_MOKO_RELEASE/CONTROLLED_ARCHIVES/SUP-MOKO-004_EMOPET_Engineering_Review_Package_2026-08_r1.4.zip,2043fe122de169132192abd103913de237ea4691d2054c4160637fb71cc89690,2043fe122de169132192abd103913de237ea4691d2054c4160637fb71cc89690,PASS,PASS,SOURCE / IMMUTABLE,HISTORICAL / NOT RELEASED,Binary excluded from R2 payload; exact identity and custody recorded here.
MOKO-r1.5,SUP-MOKO-004_EMOPET_Engineering_Review_Package_2026-08_r1.5_PREPARED_NOT_SENT.zip,MOKO SUPERSEDED RELEASE CANDIDATE,EMOPET_DOCUMENT_CONTROL_2026/06_MOKO_RELEASE/CONTROLLED_ARCHIVES/SUP-MOKO-004_EMOPET_Engineering_Review_Package_2026-08_r1.5_PREPARED_NOT_SENT.zip,1e4d71af213cf34f84ad808b415d86c9f034bf08beec7b7b83374fdd37bc9cb4,1e4d71af213cf34f84ad808b415d86c9f034bf08beec7b7b83374fdd37bc9cb4,PASS,PASS,IMMUTABLE CONTROLLED ARCHIVE,PREPARED_NOT_SENT / SUPERSEDED,Binary excluded from R2 payload; exact identity and custody recorded here.
MOKO-r1.6,SUP-MOKO-004_EMOPET_Engineering_Review_Package_2026-08_r1.6_PREPARED_NOT_SENT.zip,MOKO ACTIVE CURRENT RELEASE CANDIDATE,EMOPET_DOCUMENT_CONTROL_2026/06_MOKO_RELEASE/CONTROLLED_ARCHIVES/SUP-MOKO-004_EMOPET_Engineering_Review_Package_2026-08_r1.6_PREPARED_NOT_SENT.zip,ca08ef8f81154a17cf1862884c19df6ff5d3a9a68163aded0fb587365794066c,ca08ef8f81154a17cf1862884c19df6ff5d3a9a68163aded0fb587365794066c,PASS,PASS,IMMUTABLE CONTROLLED ARCHIVE,PREPARED_NOT_SENT / NOT RELEASED,Binary excluded from R2 payload; exact identity and custody recorded here.
GLOBAL-R1-001,EMOPET_DOCUMENT_CONTROL_GLOBAL_CHECKPOINT_2026-08-28_NOT_RELEASED.zip,PRIOR GLOBAL CONTROL CHECKPOINT,EMOPET_DOCUMENT_CONTROL_2026/10_RELEASE_CONTROL/EMOPET_DOCUMENT_CONTROL_GLOBAL_CHECKPOINT_2026-08-28_NOT_RELEASED.zip,9ab2af82613a1c1478c64de6b0349c703c2808713925a8ca3368bf6d55011527,9ab2af82613a1c1478c64de6b0349c703c2808713925a8ca3368bf6d55011527,PASS,PASS,IMMUTABLE PREDECESSOR,NOT RELEASED / SUPERSEDED BY R2 FOR CURRENT WORK CONTROL,Binary excluded from R2 payload; exact identity and custody recorded here.
REGISTER-v1.7,EMOPET_POST_PILOT_CONTROL_REGISTER_2026-08-29_v1.7.xlsx,CURRENT LIVING CONTROL REGISTER,EMOPET_DOCUMENT_CONTROL_2026/01_GOVERNANCE/EMOPET_POST_PILOT_CONTROL_REGISTER_2026-08-29_v1.7.xlsx,96ebecec1a471fe901caeb36e5dcee666f600c52ed3b32776aaee014bf612515,96ebecec1a471fe901caeb36e5dcee666f600c52ed3b32776aaee014bf612515,PASS,N/A,CURRENT DERIVATIVE WORK CONTROL,PASS_WITH_NOTES / NOT RELEASED,Included in R2 as a current controlled derivative payload.
GUIDE-DOCX-001,EMOPET_GLOBAL_CONTROL_AND_EXECUTION_GUIDE_2026-08-29.docx,GLOBAL CONTROL AND EXECUTION GUIDE — MASTER,EMOPET_DOCUMENT_CONTROL_2026/01_GOVERNANCE/EMOPET_GLOBAL_CONTROL_AND_EXECUTION_GUIDE_2026-08-29.docx,e13202e2edcf2df1c2ebd001b1e9acae7a687fefaf2a88da020ae83ef609d0c8,e13202e2edcf2df1c2ebd001b1e9acae7a687fefaf2a88da020ae83ef609d0c8,PASS,N/A,CURRENT DERIVATIVE WORK CONTROL,PASS_WITH_NOTES / NOT RELEASED,Included in R2 as a current controlled derivative payload.
GUIDE-PDF-001,EMOPET_GLOBAL_CONTROL_AND_EXECUTION_GUIDE_2026-08-29_PASS_WITH_NOTES_NOT_RELEASED.pdf,GLOBAL CONTROL AND EXECUTION GUIDE — REVIEW PDF,EMOPET_DOCUMENT_CONTROL_2026/07_INTERNAL_RELEASE/EMOPET_GLOBAL_CONTROL_AND_EXECUTION_GUIDE_2026-08-29_PASS_WITH_NOTES_NOT_RELEASED.pdf,b67443d82299ae5c9880d362c312669ac2738d2c705cdabc4e120888da177196,b67443d82299ae5c9880d362c312669ac2738d2c705cdabc4e120888da177196,PASS,N/A,CURRENT DERIVATIVE WORK CONTROL,PASS_WITH_NOTES / NOT RELEASED,Included in R2 as a current controlled derivative payload.
