open_gate_id,native_item_id,category,title,status,severity_priority,owner,evidence_required,next_action,authority_source,active_count,close_authority,notes
OPEN-DOC-001,,OPEN-DOC,Visual authority conflict,CLOSED BY FOUNDER BRAND DECISION,CLOSED,Founder — EMOPET,SATISFIED — BRAND-AUTHORITY-001,Build and QA v2 pilot; do not hybridize; preserve legacy sources.,BRAND-AUTHORITY-001; EMOPET_Charte_Graphique_v2.html,NO,Founder — EMOPET / BRAND-AUTHORITY-001,Founder-controlled visual authority established; legacy systems preserved as historical/superseded.
OPEN-DOC-002,,OPEN-DOC,Source release-control manifest hash mismatch,CLOSED FOR DIAGNOSIS / OPEN FOR NEXT-RELEASE REMEDIATION,CRITICAL — NEXT RELEASE,Document Control,New manifest and SHA256SUMS generated only after final remediated files are frozen; 100% verification pass.,Preserve source ZIP unchanged; generate fresh release-control artifacts only at end of next controlled release pipeline.,RELEASE-CONTROL-001; source GLOBAL_MANIFEST.csv; source SHA256SUMS.txt,YES — NEXT RELEASE ONLY,Final release-control verification + controlled approval,Original package remains immutable and is not release-ready; diagnosis is complete.
OPEN-DOC-003,,OPEN-DOC,Drive-to-ZIP binary lineage incomplete,OPEN,HIGH,Document Control,Materialized Drive binaries or authoritative export metadata and hashes,Resolve 13 filename candidates and then map remaining high-priority controlled authorities by content/ID.,00_INVENTORY/DRIVE_ZIP_CROSSWALK.csv,YES,EXPLICIT CONTROLLED APPROVAL / EVIDENCE ONLY,
OPEN-DOC-004,,OPEN-DOC,Human owners/reviewers/approvers incomplete,OPEN,MEDIUM,Founder / Executive,Approved role-to-person responsibility matrix,Instantiate human owners where required; retain functional owners until then.,MASTER_GLOBAL_DOCUMENT_INVENTORY.csv; COR-006 EX-008,YES,EXPLICIT CONTROLLED APPROVAL / EVIDENCE ONLY,
OPEN-SOURCE-001,,OPEN-SOURCE,Harris Williams 85% owner statistic,SOURCE_NOT_RECONCILED,HIGH,Product Research,Exact primary report/page/methodology,Locate the primary source or remove the statistic from publishable claims.,04_RESEARCH_AND_EVIDENCE/DEEP_RESEARCH/EMOPET_GLOBAL_DOCUMENTATION_DEEP_RESEARCH_2026-08-25.md,YES,EXPLICIT CONTROLLED APPROVAL / EVIDENCE ONLY,"Targeted official-source searches on 2026-08-26 did not locate primary support for the alleged 85% statistic. Do not publish; retain SOURCE_NOT_RECONCILED until the exact primary report, methodology and wording are available."
OPEN-PRODUCT-001,,OPEN-PRODUCT,Observation doctrine controlled integration,DRAFT / DECISION REQUIRED,HIGH,Product,Approved OBS-001..OBS-007 document set with explicit scientific maturity,Review the draft evidence direction and authorize controlled product-doctrine documents without claiming scientific validation.,04_RESEARCH_AND_EVIDENCE/PRODUCT_OBSERVATION/OBS-006_EMOPET_Competitor_Owner_Evidence_Review_DRAFT.md,YES,EXPLICIT CONTROLLED APPROVAL / EVIDENCE ONLY,"Batch 1 owner, competitor, scientific-limitation and privacy evidence was enriched on 2026-08-26. OBS materials remain DRAFT / DECISION REQUIRED and are not scientifically validated or promoted to controlled doctrine by this evidence pass."
OPEN-ENG-001,,OPEN-ENG,Exact GNSS implementation/module,TO SELECT,CRITICAL,Product / Hardware / RF,"Exact manufacturer source, lifecycle, electrical/RF/mechanical evidence and controlled selection decision",Preserve L76K / MAX-M10S statuses; select nothing by inference.,WORK MASTER PROMPT; controlled TAG baseline,YES,EXPLICIT CONTROLLED APPROVAL / EVIDENCE ONLY,
OPEN-ENG-002,,OPEN-ENG,Wide-area technology,TO SELECT,CRITICAL,Product / Hardware / Connectivity,"Controlled requirement, coverage/power/certification evidence and architecture decision",Preserve nRF9151 candidate and BG95 HOLD statuses; close only by controlled decision.,WORK MASTER PROMPT; controlled TAG baseline,YES,EXPLICIT CONTROLLED APPROVAL / EVIDENCE ONLY,
OPEN-ENG-003,,OPEN-ENG,GNSS antenna and RF design,TO SELECT / RF DESIGN INPUT / TO VERIFY,CRITICAL,RF Engineering,"Exact antenna source, layout/keep-out/coexistence design and physical RF validation",Create controlled RF input and validation plan after module architecture is selected.,WORK MASTER PROMPT; controlled TAG baseline,YES,EXPLICIT CONTROLLED APPROVAL / EVIDENCE ONLY,
OPEN-ENG-004,,OPEN-ENG,Battery B1R selection and autonomy,NO BATTERY SELECTED / EVIDENCE PENDING,CRITICAL,Power Engineering / Product,"Exact cell source, verified current limits, protection, transport, measured per-state currents and controlled duty cycles",Do not use generic 602030 quantitative assumptions or claim final autonomy.,WORK MASTER PROMPT; controlled battery review,YES,EXPLICIT CONTROLLED APPROVAL / EVIDENCE ONLY,
OPEN-ENG-005,,OPEN-ENG,MAT Rev A.2R1 physical and AFE closure,OPEN / NOT A MANUFACTURING RELEASE,CRITICAL,Hardware Engineering,"High-Z, clamp, exact cable/source, AFE/gain/filtering characterization and physical validation evidence",Execute and sign controlled validation; do not treat repository presence as design freeze.,WORK MASTER PROMPT; MAT Rev A.2R1,YES,EXPLICIT CONTROLLED APPROVAL / EVIDENCE ONLY,
OPEN-ENG-006,,OPEN-ENG,IP67 achievement,NOT VERIFIED,CRITICAL,Mechanical / Validation / Regulatory,Controlled design evidence and applicable physical ingress testing,Retain IP67 as a target/requirement only where controlled; do not claim achievement.,WORK MASTER PROMPT; IEC source reference,YES,EXPLICIT CONTROLLED APPROVAL / EVIDENCE ONLY,
OPEN-SUPPLIER-001,,OPEN-SUPPLIER,MOKO r1.6 transmission,PREPARED_NOT_SENT / OPEN,HIGH,Supplier Governance,"Actual approved recipient, purpose, legal framework, exact transmitted file hashes and send record.",Do not backfill transmission. Create the disclosure/transmission record only after an actual authorized send.,"WORK-DELTA-MOKO-001 §§4, 7–9; MOKO-RECON-016",YES,Explicit controlled transmission evidence and approval,r1.4 and r1.5 remain historical/superseded PREPARED_NOT_SENT references; r1.6 is the current candidate and remains not sent.
OPEN-COR006-EX-001,EX-001,OPEN-DOC,Présentation institutionnelle — 3 corrections,OUVERTE,HIGH,Brand,Le fichier source de conception reste indisponible. Les PDF portent PUBLISHED — CORRECTION PENDING SOURCE RECOVERY. Le renommage en BRD-PUB-001/002 ne ferme pas l'exception.,Fournir le fichier source de conception,COR-006 EMOPET Exceptions Register,YES,EXPLICIT CONTROLLED APPROVAL / EVIDENCE ONLY,Imported without changing source status. May overlap a cross-corpus gate; native ID preserved.
OPEN-COR006-EX-003,EX-003,OPEN-PRODUCT,Empreinte Product V1 du MAT,OUVERTE — CRITIQUE,CRITICAL,Product / Hardware,"AUTORITE DIMENSIONNELLE : 900 x 600 mm = geometrie Phase 0 sourcee par ENG-003 (filiation architecture hybride, ELI v7, Phase 0). Empreinte Product V1 : NOT FROZEN. Les valeurs 1000 x 700 et 1100 x 750 sont HISTORIQUES / VISUELLES / PRE-PRODUCTION, sans aucune autorite dimensionnelle d'ingenierie. Tension de confort : a 900 x 600 mm un chien adulte en pleine extension deborde le couchage, ce qui aggrave la contradiction avec l'exigence d'aire libre.","Décision Product V1 : empreinte finale, confort, couverture de detection, textile, mousse, preuve d'usage, preuve industrielle",COR-006 EMOPET Exceptions Register,YES,EXPLICIT CONTROLLED APPROVAL / EVIDENCE ONLY,Imported without changing source status. May overlap a cross-corpus gate; native ID preserved.
OPEN-COR006-EX-004,EX-004,OPEN-SW,Périmètre Unity,ROUVERTE,HIGH,Software Engineering,La décision d'archivage est annulée. Statut : ARCHITECTURE CANDIDATE — REVIEW REQUIRED. Neuf actifs récupérés.,Revue technique — voir SW-004,COR-006 EMOPET Exceptions Register,YES,EXPLICIT CONTROLLED APPROVAL / EVIDENCE ONLY,Imported without changing source status. May overlap a cross-corpus gate; native ID preserved.
OPEN-COR006-EX-006,EX-006,OPEN-SW,Couche temps réel en infrastructure,REQUALIFIÉE,HIGH,Software Engineering,La décision d'archivage est annulée. Statut : ACTIVE ARCHITECTURE CANDIDATE — DORMANT / NOT DEPLOYED BY DEFAULT. Terraform conservé sans modification.,Revue technique — voir SW-004,COR-006 EMOPET Exceptions Register,YES,EXPLICIT CONTROLLED APPROVAL / EVIDENCE ONLY,Imported without changing source status. May overlap a cross-corpus gate; native ID preserved.
OPEN-COR006-EX-007,EX-007,OPEN-SW,Deux ensembles Terraform,RÉSOLUE — VALIDATION REQUISE,HIGH,Software Engineering,L'analyse établit qu'il ne s'agit pas de deux générations concurrentes mais de deux modules racine liés par une dépendance d'amorçage. Séparés en bootstrap/ et main/. Aucun contenu modifié. MERGE est contre-indiqué.,Approbation technique du fondateur sur la séparation,COR-006 EMOPET Exceptions Register,YES,EXPLICIT CONTROLLED APPROVAL / EVIDENCE ONLY,Imported without changing source status. May overlap a cross-corpus gate; native ID preserved.
OPEN-COR006-EX-008,EX-008,OPEN-DOC,Propriétaires humains non documentés,OUVERTE — NON BLOQUANTE,HIGH,Founder / Executive,Le système emploie des propriétaires fonctionnels. À instancier lorsque l'équipe grandira.,Aucune décision immédiate,COR-006 EMOPET Exceptions Register,YES,EXPLICIT CONTROLLED APPROVAL / EVIDENCE ONLY,Imported without changing source status. May overlap a cross-corpus gate; native ID preserved.
OPEN-COR006-EX-010,EX-010,OPEN-PRODUCT,World — rôle expérientiel,OUVERTE — CRITIQUE,CRITICAL,Product,L'architecture technique est documentée ; le rôle dans l'expérience ne l'est pas. Aucune description publique définitive autorisée avant clôture.,Décision produit sur le rôle expérientiel,COR-006 EMOPET Exceptions Register,YES,EXPLICIT CONTROLLED APPROVAL / EVIDENCE ONLY,Imported without changing source status. May overlap a cross-corpus gate; native ID preserved.
OPEN-COR006-EX-011,EX-011,OPEN-PRODUCT,Expression immersive initiale,OUVERTE,HIGH,Product,"L'immersif est CORE, prévu au lancement, à profondeur initiale contrôlée. L'expression immersive initiale reste TO DEFINE. Aucune dépendance à un autre item ouvert : la question est autonome et relève d'une décision produit sur le contenu de la première expression.","Décision produit : quelle expression immersive initiale, solo, partagée ou hybride",COR-006 EMOPET Exceptions Register,YES,EXPLICIT CONTROLLED APPROVAL / EVIDENCE ONLY,Imported without changing source status. May overlap a cross-corpus gate; native ID preserved.
OPEN-COR006-EX-012,EX-012,OPEN-PRODUCT,Local Culture Engine — rôle produit,OUVERTE — NON BLOQUANTE,HIGH,Product,Rôle TO CONFIRM par décision du 2026-08-12. Ne pas forcer CORE ou EXTENSION pour clore la matrice.,Évaluation en phase d'analyse ultérieure,COR-006 EMOPET Exceptions Register,YES,EXPLICIT CONTROLLED APPROVAL / EVIDENCE ONLY,Imported without changing source status. May overlap a cross-corpus gate; native ID preserved.
OPEN-COR006-EX-013,EX-013,OPEN-PRODUCT,Community — seuil d'activation,OUVERTE,HIGH,Product,Gate d'activation réseau formalisé. Aucun seuil numérique inventé. Statut : TO VALIDATE.,Preuve de densité et de capacité de modération,COR-006 EMOPET Exceptions Register,YES,EXPLICIT CONTROLLED APPROVAL / EVIDENCE ONLY,Imported without changing source status. May overlap a cross-corpus gate; native ID preserved.
OPEN-COR006-EX-020,EX-020,OPEN-BRAND,Capacités produit décrites sans provenance courante réconciliée,OPEN — HISTORICAL TRACES FOUND / CURRENT PRODUCT PROVENANCE AND AUTHORITY NOT RECONCILED,HIGH,Founder / Product / Software,"Exact controlled Product authority and provenance for Voice Cues, Relay, Rescue, Guardian Circle and Meet Mode; privacy/access-control treatment; implementation evidence only if availability is claimed.",Reconcile each capability against PRD-002/PRD-005/capability-specific authorities and exact repository evidence; preserve historical SYS-002/data-model traces without promoting them.,COR-006 EX-020; SYS-002; BATCH4_CAPABILITY_OCCURRENCE_REGISTER_2026-08-27; SUPR-026,YES,Founder / Product with explicit controlled provenance and evidence,"The earlier zero-occurrence premise is corrected: searchable historical traces exist. Occurrence alone is not current Product authority, implementation proof or privacy approval."
OPEN-COR006-EX-021,EX-021,OPEN-SW,Pile applicative courante partiellement observée / autorité Git non figée,"OPEN — REPOSITORY STACK PARTIALLY OBSERVED / EXACT GIT COMMIT, CI, BUILD AND DEPLOYMENT EVIDENCE ABSENT",HIGH,Software Engineering / DevOps,Exact authoritative repository and frozen git commit/ref; complete tree or controlled archive; reproducible dependency lock; successful CI/build/test evidence; approved deployment configuration and environment record.,"Materialise and freeze the authoritative commit, reconcile the two Drive trees, then run controlled build/test/CI and deployment-state checks.",COR-006 EX-021; SW-002; SEC-004; BATCH4_REPOSITORY_EVIDENCE_REGISTER_2026-08-27,YES,Named Software / DevOps reviewer + exact repository custody and execution evidence,Nine file pairs are exact Base64-equal via the Drive connector and establish a sampled observed stack only. Full-tree identity and git provenance remain unverified.
OPEN-COR006-EX-018,EX-018,OPEN-BRAND,Conflit visuel de pré-production — film,OUVERTE — PORTÉE VISUELLE UNIQUEMENT,HIGH,Brand,"Le paquet film porte deux valeurs d'empreinte differentes : ~1000 x 700 mm dans l'enregistrement d'echelle, ~1100 x 750 mm dans le README. CES DEUX VALEURS SONT HISTORIQUES ET VISUELLES. Elles ne constituent NI une cible produit, NI une cible d'ingenierie, NI une enveloppe de fabrication, NI une autorite MAT controlee. L'autorite dimensionnelle est ENG-003 : 900 x 600 mm = geometrie Phase 0 sourcee ; empreinte Product V1 NOT FROZEN.",Trancher la valeur visuelle du film. Cet item NE GOUVERNE PAS l'ingenierie Product V1.,COR-006 EMOPET Exceptions Register,YES,EXPLICIT CONTROLLED APPROVAL / EVIDENCE ONLY,Imported without changing source status. May overlap a cross-corpus gate; native ID preserved.
OPEN-COR006-EX-019,EX-019,OPEN-DOC,Version en vigueur des gates d'identite du film,OUVERTE,HIGH,Brand,"Le document de gates fourni est la version 1.4, qui se declare elle-meme EN PROJET, NON GELEE, NON EN VIGUEUR. La version 1.3, gelee et en vigueur, n'est pas fournie et contient la formulation revoquee. Item O-MAT-04 de la source.",Approuver la version 1.4 ou fournir la version 1.3,COR-006 EMOPET Exceptions Register,YES,EXPLICIT CONTROLLED APPROVAL / EVIDENCE ONLY,Imported without changing source status. May overlap a cross-corpus gate; native ID preserved.
OPEN-COR006-EX-015,EX-015,OPEN-BRAND,Film institutionnel — fourniture des documents narratifs,OUVERTE,HIGH,Brand,"Le paquet fourni le 2026-08-13 est le paquet de gates d'identite version 1.4, ingere comme preuve de source sous BRD-FILM-002 : quatre documents, quatre actifs visuels, sept empreintes verifiees. Ce n'est pas le paquet narratif en douze documents. Restent a fournir : voix off francaise, prompts ou descriptions des neuf plans, carte de references, verrou de decision, cadre d'orchestration, charte de marque, gates version 1.3. Sans eux, aucune redaction de script n'est engagee. Autodesk reste la chaine master ; la previsualisation par generation est autorisee sans jamais constituer une autorite.",Fournir les documents narratifs manquants,COR-006 EMOPET Exceptions Register,YES,EXPLICIT CONTROLLED APPROVAL / EVIDENCE ONLY,Imported without changing source status. May overlap a cross-corpus gate; native ID preserved.
OPEN-COR006-EX-016,EX-016,OPEN-BRAND,Film institutionnel — six écarts de réconciliation,OUVERTE,HIGH,Brand,"Reevalues apres ingestion, dans BRD-FILM-001 rev 0.3 section 6. Trois sont ETABLIS PAR LA SOURCE : R-3 signature et positionnement portes en dur sur l'actif TAG, R-4 reference MAT plate contre caractere rembourre corrige, R-6 representation TAG. Trois ne sont PAS VERIFIABLES faute des documents correspondants : R-1 terme designant l'humain, R-2 Community a l'image, R-5 identite graphique.","Arbitrage de R-1, R-2 et R-3. R-4 et R-6 se resolvent par les regles deja portees par la source.",COR-006 EMOPET Exceptions Register,YES,EXPLICIT CONTROLLED APPROVAL / EVIDENCE ONLY,Imported without changing source status. May overlap a cross-corpus gate; native ID preserved.
OPEN-COR006-EX-017,EX-017,OPEN-BRAND,Film institutionnel — faisabilité des actifs 3D,OUVERTE,HIGH,Brand,"La chaîne 3D exige des actifs inexistants : chien photoréaliste animé, propriétaire, environnements, modèle TAG. Le MAT dispose d'une CAO Phase 0 mais sa définition dimensionnelle et textile reste ouverte. L'ambition visuelle du film peut devoir être révisée.",Décision produit et budgétaire sur le registre visuel et le périmètre des actifs,COR-006 EMOPET Exceptions Register,YES,EXPLICIT CONTROLLED APPROVAL / EVIDENCE ONLY,Imported without changing source status. May overlap a cross-corpus gate; native ID preserved.
OPEN-COR006-EX-014,EX-014,OPEN-SW,Quatre migrations SQL récupérées,OUVERTE,HIGH,Software Engineering,Récupération contrôlée effectuée. Statut : ASSET — TECHNICAL REVIEW REQUIRED. Non insérées dans la chaîne active.,Revue de compatibilité d'ordre et de dépendances,COR-006 EMOPET Exceptions Register,YES,EXPLICIT CONTROLLED APPROVAL / EVIDENCE ONLY,Imported without changing source status. May overlap a cross-corpus gate; native ID preserved.
OPEN-ENG003-O-012,O-012,OPEN-ENG,O-012 — cellules de charge,CONTROLLED CURRENT DESIGN TARGET — ENGINEERING VERIFICATION REQUIRED,HIGH,Hardware Engineering,SCINDÉ : la cible 4 × 50 kg est une DÉCISION FONDATEUR CONTRÔLÉE du 24-25 juin 2026. Seuls le MPN exact et la métrologie restent OPEN.,Provide and approve the evidence described by the current authority row.,ENG-003 OPEN_ITEMS_v1.9_RECONCILED,YES,EXPLICIT CONTROLLED APPROVAL / EVIDENCE ONLY,Aucune révocation fondateur ultérieure retrouvée. Preuve : décision 2026-06-24/25 + nomenclature supplier-safe + ENG-002 CF-002 + Supplier Request B. La question à poser n'est plus « quelle capacité » mais « la cible contrôlée satisfait-elle la métrologie réelle ».
OPEN-ENG003-O-012B,O-012B,OPEN-ENG,O-012b — dimensionnement,VERIFICATION GATE MAINTENU,HIGH,Hardware Engineering,VÉRIFIER LA CIBLE CONTRÔLÉE / ECR SI ÉCHEC,Provide and approve the evidence described by the current authority row.,ENG-003 OPEN_ITEMS_v1.9_RECONCILED,YES,EXPLICIT CONTROLLED APPROVAL / EVIDENCE ONLY,"L'architecture n'est pas rouverte comme un choix vierge. Si la preuve fournisseur démontre l'inaptitude des 50 kg, le changement passe par une recommandation formelle de modification d'ingénierie. AUCUNE SUBSTITUTION SILENCIEUSE."
OPEN-ENG003-O-041,O-041,OPEN-ENG,O-041 — validation ECAD,PARTIAL — STATIC PASS,HIGH,Hardware Engineering,Reste PARTIAL,Provide and approve the evidence described by the current authority row.,ENG-003 OPEN_ITEMS_v1.9_RECONCILED,YES,EXPLICIT CONTROLLED APPROVAL / EVIDENCE ONLY,"NE PAS CLORE. Restent : ouverture native KiCad, refill des zones, DRC natif, cross-plot, inspection de connectivité et d'empreintes, sign-off relecteur."
OPEN-ENG003-O-006,O-006,OPEN-ENG,O-006 — AFE piézo,BLOCKED — inchangé,HIGH,Hardware Engineering,OPA2140 contre ADA4530-1,Provide and approve the evidence described by the current authority row.,ENG-003 OPEN_ITEMS_v1.9_RECONCILED,YES,EXPLICIT CONTROLLED APPROVAL / EVIDENCE ONLY,"Comparaison contrôlée. Les valeurs dépendent de la capacité de câble, elle-même non contrôlée."
OPEN-ENG003-O-011,O-011,OPEN-ENG,O-011 — câble L4,BLOCKED — inchangé,HIGH,Hardware Engineering,"Classe et interface contrôlées, référence exacte non gelée",Provide and approve the evidence described by the current authority row.,ENG-003 OPEN_ITEMS_v1.9_RECONCILED,YES,EXPLICIT CONTROLLED APPROVAL / EVIDENCE ONLY,"Ø 2,70 mm reste une enveloppe CAO provisoire."
OPEN-ENG003-O-046,O-046,OPEN-ENG,O-046 — portabilité kit vers module (NOUVEAU),OPEN,HIGH,Hardware Engineering,Portabilité firmware entre le kit de développement PCA10056 / nRF52840 DK et un module produit MS88SFB.,Provide and approve the evidence described by the current authority row.,ENG-003 OPEN_ITEMS_v1.9_RECONCILED,YES,EXPLICIT CONTROLLED APPROVAL / EVIDENCE ONLY,"Item NOUVEAU, créé pour ne pas recycler O-028. Le risque inter-familles a disparu ; le risque kit-vers-module subsiste."
OPEN-ENGMAT002-O-001,O-001,OPEN-ENG,Independent schematic inspection,PARTIAL — O-041,High,Hardware Engineering,"Static source reconciliation has passed. Complete native KiCad open/refill, native DRC, cross-plot, connectivity/footprint review and reviewer sign-off under O-041.","Static source reconciliation has passed. Complete native KiCad open/refill, native DRC, cross-plot, connectivity/footprint review and reviewer sign-off under O-041.",ENG-MAT-002 Open Items,YES,EXPLICIT CONTROLLED APPROVAL / EVIDENCE ONLY,Imported without status promotion.
OPEN-ENGMAT002-O-002,O-002,OPEN-ENG,Controlled source specifications and exact L4 identity,In Progress,Urgent,Hardware Engineering,Official candidate sources registered; obtain exact sensor/load-cell/power/mechanical specifications and supplier evidence.,Official candidate sources registered; obtain exact sensor/load-cell/power/mechanical specifications and supplier evidence.,ENG-MAT-002 Open Items,YES,EXPLICIT CONTROLLED APPROVAL / EVIDENCE ONLY,Imported without status promotion.
OPEN-ENGMAT002-O-003,O-003,OPEN-ENG,ADC requirements,Open,Urgent,Hardware Engineering,"Approve resolution, input range, noise, sampling and channel requirements.","Approve resolution, input range, noise, sampling and channel requirements.",ENG-MAT-002 Open Items,YES,EXPLICIT CONTROLLED APPROVAL / EVIDENCE ONLY,Imported without status promotion.
OPEN-ENGMAT002-O-004,O-004,OPEN-ENG,Synchronization budget,Open,Urgent,Hardware Engineering,"Approve maximum skew, clock strategy and timestamp resolution.","Approve maximum skew, clock strategy and timestamp resolution.",ENG-MAT-002 Open Items,YES,EXPLICIT CONTROLLED APPROVAL / EVIDENCE ONLY,Imported without status promotion.
OPEN-ENGMAT002-O-005,O-005,OPEN-ENG,Reference sensor,In Progress,High,Hardware Engineering,Source ADXL355 and LIS2DW12 evaluation hardware and define identical mounting/comparison protocol.,Source ADXL355 and LIS2DW12 evaluation hardware and define identical mounting/comparison protocol.,ENG-MAT-002 Open Items,YES,EXPLICIT CONTROLLED APPROVAL / EVIDENCE ONLY,Imported without status promotion.
OPEN-ENGMAT002-O-006,O-006,OPEN-ENG,Piezo AFE,In Progress,High,Hardware Engineering,Prototype OPA2140 and ADA4530-1 comparison channels after exact cable identity/length is confirmed.,Prototype OPA2140 and ADA4530-1 comparison channels after exact cable identity/length is confirmed.,ENG-MAT-002 Open Items,NO — LATER ENG-003 ROW IS AUTHORITY,EXPLICIT CONTROLLED APPROVAL / EVIDENCE ONLY,Historical/source register row preserved. Later ENG-003 authority applies.
OPEN-ENGMAT002-O-007,O-007,OPEN-ENG,Load-cell AFE/ADC,In Progress,High,Hardware Engineering,"Evaluate ADS1261 / ADS1261EVM against the exact load-cell bridge configuration, controlled 4 × 50 kg target, required update rate, skew and metrology.","Evaluate ADS1261 / ADS1261EVM against the exact load-cell bridge configuration, controlled 4 × 50 kg target, required update rate, skew and metrology.",ENG-MAT-002 Open Items,YES,EXPLICIT CONTROLLED APPROVAL / EVIDENCE ONLY,Imported without status promotion.
OPEN-ENGMAT002-O-008,O-008,OPEN-ENG,Power source,In Progress,High,Hardware Engineering,Use current-limited lab supply for Phase 0; specify rails/grounding after EVM interconnect plan.,Use current-limited lab supply for Phase 0; specify rails/grounding after EVM interconnect plan.,ENG-MAT-002 Open Items,YES,EXPLICIT CONTROLLED APPROVAL / EVIDENCE ONLY,Imported without status promotion.
OPEN-ENGMAT002-O-009,O-009,OPEN-ENG,Mechanical stack,Open,High,Hardware Engineering,Execute 3/4/5 mm plate comparison with configuration-controlled data.,Execute 3/4/5 mm plate comparison with configuration-controlled data.,ENG-MAT-002 Open Items,YES,EXPLICIT CONTROLLED APPROVAL / EVIDENCE ONLY,Imported without status promotion.
OPEN-ENGMAT002-O-010,O-010,OPEN-ENG,Phase 0 acceptance thresholds,Open,High,Hardware Engineering,Define after baseline bench runs; do not invent upfront.,Define after baseline bench runs; do not invent upfront.,ENG-MAT-002 Open Items,YES,EXPLICIT CONTROLLED APPROVAL / EVIDENCE ONLY,Imported without status promotion.
OPEN-ENGMAT002-O-011,O-011,OPEN-ENG,Exact L4 piezo cable identity,Open,Urgent,Hardware Engineering,"Confirm manufacturer, part number, copolymer vs spiral construction, length, capacitance, termination, procurement status and lot traceability.","Confirm manufacturer, part number, copolymer vs spiral construction, length, capacitance, termination, procurement status and lot traceability.",ENG-MAT-002 Open Items,NO — LATER ENG-003 ROW IS AUTHORITY,EXPLICIT CONTROLLED APPROVAL / EVIDENCE ONLY,Historical/source register row preserved. Later ENG-003 authority applies.
OPEN-ENGMAT002-O-012,O-012,OPEN-ENG,Load-cell electrical identity,Open,Urgent,Hardware Engineering,"Confirm manufacturer, part number, rated capacity, sensitivity mV/V, bridge type, excitation, wiring and mechanical mounting.","Confirm manufacturer, part number, rated capacity, sensitivity mV/V, bridge type, excitation, wiring and mechanical mounting.",ENG-MAT-002 Open Items,NO — LATER ENG-003 ROW IS AUTHORITY,EXPLICIT CONTROLLED APPROVAL / EVIDENCE ONLY,Historical/source register row preserved. Later ENG-003 authority applies.
OPEN-ENGMAT002-O-013,O-013,OPEN-ENG,EVM grounding and isolation plan,Open,Urgent,Hardware Engineering,"Define star ground, shield termination, USB/data isolation and supply partition before first noise test.","Define star ground, shield termination, USB/data isolation and supply partition before first noise test.",ENG-MAT-002 Open Items,YES,EXPLICIT CONTROLLED APPROVAL / EVIDENCE ONLY,Imported without status promotion.
OPEN-ENGMAT002-O-014,O-014,OPEN-ENG,Raw logging throughput budget,Open,High,Hardware Engineering,Calculate worst-case bytes/s for all selected sample rates and metadata; verify USB/storage margins.,Calculate worst-case bytes/s for all selected sample rates and metadata; verify USB/storage margins.,ENG-MAT-002 Open Items,YES,EXPLICIT CONTROLLED APPROVAL / EVIDENCE ONLY,Imported without status promotion.
OPEN-ENGMAT002-O-015,O-015,OPEN-ENG,Priority 1 procurement,In Progress,Urgent,Hardware Engineering,"Obtain official quotations/lead times for ADS131M04EVM, PCA10056/nRF52840 DK, ADS1261EVM, EVAL-ADXL355-PMDZ and AFE prototype hardware.","Obtain official quotations/lead times for ADS131M04EVM, PCA10056/nRF52840 DK, ADS1261EVM, EVAL-ADXL355-PMDZ and AFE prototype hardware.",ENG-MAT-002 Open Items,YES,EXPLICIT CONTROLLED APPROVAL / EVIDENCE ONLY,Imported without status promotion.
OPEN-ENGMAT002-O-016,O-016,OPEN-ENG,Supplier-safe RFQ transmission,Blocked,Urgent,Hardware Engineering,"Close execution copy, signing authority, approved recipient/site and disclosure log before sending v0.4 supplier package.","Close execution copy, signing authority, approved recipient/site and disclosure log before sending v0.4 supplier package.",ENG-MAT-002 Open Items,YES,EXPLICIT CONTROLLED APPROVAL / EVIDENCE ONLY,Imported without status promotion.
OPEN-ENGMAT002-O-017,O-017,OPEN-ENG,Dataset contract implementation,Open,High,Hardware Engineering,Integrate v0.4 sequence/timestamp/channel-class contract into the selected bench logger.,Integrate v0.4 sequence/timestamp/channel-class contract into the selected bench logger.,ENG-MAT-002 Open Items,YES,EXPLICIT CONTROLLED APPROVAL / EVIDENCE ONLY,Imported without status promotion.
OPEN-ENGMAT002-O-018,O-018,OPEN-ENG,Independent repeat plan,Open,High,Hardware Engineering,Name a second reviewer/operator and repeat configuration for E2 evidence.,Name a second reviewer/operator and repeat configuration for E2 evidence.,ENG-MAT-002 Open Items,YES,EXPLICIT CONTROLLED APPROVAL / EVIDENCE ONLY,Imported without status promotion.
OPEN-DOC-005,,OPEN-DOC,EMOPET v2 pilot template gate,OPEN — PILOT BUILT / MASS CONVERSION NOT AUTHORIZED,CRITICAL,Founder — EMOPET / Document Control / Brand,Founder accepts the seven-category pilot as a successful QA candidate. Fallback fonts are accepted for pilot QA evidence only. Final typography-compliant rendering and an explicit Founder decision authorizing mass conversion remain required.,Preserve the approved pilot byte-identically. Render future publication outputs with Fraunces / Instrument Sans / JetBrains Mono where technically available; obtain explicit Founder closure before mass conversion.,BRAND-AUTHORITY-001 §8; WORK-DELTA-MOKO-001 §§1–3,YES,Founder — EMOPET,Controlled pilot archive SHA-256 04410ba80917fca415df48c5775ee8547bb81c20683662d01d61343a77938153. Seven PDFs / 27 pages and two XLSX outputs remain PASS_WITH_NOTES — NOT RELEASED. Duplicate Library copy is byte-identical per Founder input.
OPEN-DOC-006,,OPEN-DOC,Institutional film identity-gate v1.4 status and scale contradiction,OPEN — HISTORICAL/PRE-PRODUCTION SCOPE,HIGH,Brand / Founder,Controlled decision resolving DRAFT/NOT IN FORCE versus FROZEN/current-authority wording and 1000×700 versus 1100×750 visual targets if film work resumes.,Preserve all source assets; treat every dimension as historical visual guidance only; do not use as Product V1 or manufacturing geometry.,BRD-FILM-002 gate_pack_v1.4; COR-006 EX-003; current controlled Product state,YES,Founder / Brand controlled decision,No current engineering gate is affected; Product V1 footprint remains NOT FROZEN.
MOKO-CURRENT-RELEASE,,RELEASE-CONTROL,MOKO current-release exact-package reconciliation,CLOSED FOR EXACT-PACKAGE INGESTION — CURRENT CANDIDATE IDENTIFIED — NOT RELEASED,CLOSED FOR INGESTION,Founder — EMOPET / Document Control,SATISFIED FOR INGESTION AND LOCAL CUSTODY — exact r1.6 ZIP SHA-256 ca08ef8f81154a17cf1862884c19df6ff5d3a9a68163aded0fb587365794066c; ZIP PASS; 46/46 manifest; 47/47 SHA256SUMS.,"Preserve r1.6 byte-identically. Do not transmit, rebuild, replace or promote it without a separate controlled release action.",WORK-DELTA-MOKO-001; MOKO-RECON-016,NO,Founder — EMOPET / WORK-DELTA-MOKO-001,"Exact r1.6 archive is now materialized under controlled local custody and independently verified on 2026-08-29. Status remains PREPARED_NOT_SENT / NOT RELEASED; no transmission, manufacturing or final typography publication is inferred."
OPEN-PUB-001,,OPEN-DOC,MOKO r1.6 final controlled-typography publication,OPEN / PASS_WITH_NOTES — CURRENT PDFs ARE QA / PARTNER-REVIEW CANDIDATE EVIDENCE ONLY,HIGH — FINAL PUBLICATION,Founder — EMOPET / Brand / Document Control,"Publication rendering using Fraunces / Instrument Sans / JetBrains Mono, or explicit Founder acceptance of the recorded PDF fallbacks, plus complete page-by-page QA.","If a controlled-font partner publication is required, derive a new controlled revision from exact r1.6 content and generate a fresh manifest, SHA256SUMS, ZIP hash and visual-QA record.",BRAND-AUTHORITY-001; WORK-DELTA-MOKO-001 §3; MOKO-RECON-016,YES,Founder — EMOPET,The byte-frozen r1.6 archive must not be silently replaced. Fallback environment does not amend brand authority.
OPEN-LEGAL-B1-001,,OPEN-LEGAL,Batch 1 EU regulatory applicability and legal interpretation,OPEN — OFFICIAL DATES VERIFIED / EMOPET APPLICABILITY NOT CLOSED,HIGH,Regulatory / Legal — HUMAN OWNER TO ASSIGN,"Controlled legal/applicability memoranda covering CRA reporting, RED/CRA transition, Data Act, Batteries Regulation Article 11, AI Act Article 50 and GDPR/CNIL connected-object privacy as applied to the actual EMOPET product, roles, market date and data flows.",Assign qualified legal/regulatory owner; confirm product/actor classifications and market-date assumptions; retain REG-001 as NOT LEGAL ADVICE until controlled applicability review is approved.,REG-001; DATA-002; SEC-001; official EU sources in BATCH1_REGULATORY_SOURCE_REGISTER.csv,YES,Qualified legal/regulatory review + explicit controlled approval,"GDPR Article 4(1) and CNIL mobile-app guidance were added as primary regulatory/design sources. Their presence does not establish EMOPET applicability, lawful basis, role allocation or implementation compliance; human legal review remains required."
OPEN-SCI-B1-001,,OPEN-SCI,Batch 1 Observation doctrine scientific validation,OPEN — PRODUCT DOCTRINE EVIDENCE ENRICHED / EMOPET SCIENTIFIC VALIDATION NOT ESTABLISHED,HIGH — BEFORE SCIENTIFIC OR VALIDATION CLAIMS,Product / Science — HUMAN OWNER TO ASSIGN,Approved EMOPET validation plan; EMOPET-specific controlled validation; predefined metrics and acceptance criteria; external scientific review where required.,Route to Batch 3 scientific reconciliation after an OBS controlled-master decision; preserve abstention and limitations; do not call the doctrine validated.,BRAND-AUTHORITY-001 is visual only; Batch 1 evidence register v1.1; future controlled OBS authority,YES,Founder / Product / Science with recorded validation evidence and external review as required,"Peer-reviewed and primary evidence supports context, individualisation, prudent interpretation and device-specific validation limits. It does not validate EMOPET observations, algorithms or outcomes."
OPEN-DOC-007,,OPEN-DOC,Batch 2 current-engineering source consolidation,OPEN — AUTHORITY MAPPED / CONFLICTING SOURCE WORDING NOT REISSUED,HIGH,Hardware Engineering / Product / Document Control,"A new controlled revision reconciling ADS1261/ADS1220, ADA4530-1/OPA2140, VBIAS, TAG positioning and battery wording, with technical review and explicit approval.",Derive a new revision from the mapped current authorities; do not overwrite historical or source documents and do not mass-restyle while OPEN-DOC-005 is open.,BATCH2_ENGINEERING_AUTHORITY_AND_EVIDENCE_REPORT_2026-08-27; SUPR-018 through SUPR-021,YES,Engineering owner + Product authority + Document Control approval,Document reconciliation is complete for this checkpoint; the reissued controlled engineering set is not yet created.
OPEN-VAL-B2-001,,OPEN-VALIDATION,Batch 2 physical-validation evidence closure,OPEN — PLANS/SOURCE EVIDENCE PRESENT / PHYSICAL TESTS NOT RUN OR NOT APPROVED,CRITICAL,Hardware / RF / Mechanical / Validation,"Controlled raw data, run manifests, exact component/source identities and approved reports for MAT bench/AFE/cable/load-cell plus TAG autonomy, IP67, mass, RF, thermal and wear targets.","Execute the controlled validation plans and retain failed, partial and inconclusive results; do not infer performance from plans or model outputs.",ENG-001; ENG-003; ENG-MAT-004; RevA2R1 validation targets; Batch 2 claim register,YES,Named technical reviewer(s) + explicit controlled approval,Static ECAD and synthetic/software checks remain valid only within their measured scope.
OPEN-SCI-B3-001,,OPEN-SCI,SCI-100 source authority and scientific claim validation,OPEN — SCI-100 DRAFT / CITED AUTHORITIES AND EMPIRICAL VALIDATION NOT RECONCILED,CRITICAL — BEFORE ANY SCIENTIFIC OR PUBLIC PERFORMANCE CLAIM,Product / Science — HUMAN OWNER TO ASSIGN,"Exact controlled EMOPET-SCI-ELI-001 and SCI-BIB-001; claim-to-source mapping; corrected semantics; external scientific review; EMOPET-specific validation plan, predefined metrics and controlled results.","Obtain and freeze the cited authorities, reconcile each scientific claim, correct implementation overstatements and issue a new controlled revision; preserve SCI-100 unchanged.",SCI-100; Batch 3 claim register; OPEN-SCI-B1-001,YES,Founder / Product / qualified Science reviewer with controlled evidence,Three similarly named Drive documents are candidates only; exact cited identifiers and binary authority are not established.
OPEN-DOC-008,,OPEN-DOC,Local source snapshot byte divergence from immutable global ZIP,CLOSED FOR OPERATIONAL SOURCE CUSTODY — NEW ISOLATED MATERIALIZATION 430/430 / LEGACY SNAPSHOT PRESERVED,CRITICAL — BEFORE ANY SNAPSHOT-BASED RELEASE OR SOURCE RECONCILIATION,Document Control / Release Engineering,Satisfied 2026-08-29: immutable ZIP hash and compressed-data test passed; new isolated materialization passed 430/430 byte comparison; legacy mismatch retained.,Use the exact controlled materialization for source-dependent work. Keep the legacy snapshot non-canonical and preserved for audit.,Immutable ZIP SHA-256 f464f15959e2010e77302289d8622129673af613d3350bb863b85173b270b376; SOURCE_SNAPSHOT_CUSTODY_AUDIT_2026-08-27,NO,Document Control + independent 430/430 byte comparison + root-cause disposition,Operational custody recovered. The mechanism of the legacy BRD-PUB-001 truncation/mutation is not evidenced and is not inferred. OPEN-DOC-002 remains independent and open for next-release regeneration controls.
OPEN-VAL-B4-001,,OPEN-VALIDATION,"Batch 4 software, cloud, data and cyber execution evidence","OPEN — CONTROLLED TARGETS / STATIC ARTIFACTS PRESENT / BUILD, CI, MIGRATION, DEPLOYMENT AND SECURITY TEST EVIDENCE NOT ESTABLISHED","CRITICAL — BEFORE IMPLEMENTATION, DEPLOYMENT OR SECURITY-VALIDATION CLAIMS",Software / Cloud / Data / Security — HUMAN OWNER TO ASSIGN,"Exact frozen git commit or repository archive; reproducible dependency install, build and test logs; CI run evidence; Terraform/OpenTofu init/validate/plan with provider lock and approved state; migration apply/rollback evidence; authz/RLS, threat-model and security-test evidence; environment/deployment record; named approvals.","Execute the controlled evidence plan against the exact repository and target environment; retain failed, partial and inconclusive results and do not infer execution from static sources.",SW-001; SW-002; SW-003; SW-CLOUD-001 through 006; DATA-001; SEC-001 through 004; Batch 4 claim register,YES,Named Software / Cloud / Data / Security reviewers with controlled execution evidence,"This transversal gate avoids duplicating one gate per artifact. It does not replace Product, legal, privacy, publication, MOKO, manufacturing or physical-validation gates."
OPEN-FIN-B5-001,,OPEN-FINANCE,"Batch 5 funding eligibility, application and commitment timing","OPEN — OFFICIAL PROGRAMME RULES PARTIALLY VERIFIED / EMOPET ELIGIBILITY, COMMITTEE DATE, QUOTES, SUBMISSION AND AWARD NOT ESTABLISHED","CRITICAL — BEFORE COMMITMENT, APPLICATION, FUNDING OR CASH CLAIMS",Founder — EMOPET / Finance,Dated AudéLor written confirmation; exact current programme terms; eligible-expense and off-EU supplier treatment; committee date; controlled quotes; submission receipt; decision/award; cumulation and commitment-timing analysis.,Obtain written AudéLor confirmation and dated quotes before incorporation/commitment sequencing or submission; preserve failed and negative outcomes.,FIN-004; FIN-005; FIN-007 draft; official Région Bretagne/Bpifrance sources; Batch 5 claim register,YES,Founder — EMOPET + AudéLor/program authority + Finance/Accounting review,"General programme availability and arithmetic do not create EMOPET eligibility, funding, cash, spend authority or award."
OPEN-LEGAL-B5-001,,OPEN-LEGAL,"Corporate governance, IP chain of title and investment legal readiness",OPEN — INTERNAL GUARDRAILS MAPPED / COUNSEL-APPROVED INSTRUMENTS AND CHAIN-OF-TITLE COMPLETION NOT ESTABLISHED,"CRITICAL — BEFORE INCORPORATION, EQUITY, INVESTMENT OR LEGAL-READINESS CLAIMS",Founder — EMOPET / Legal Counsel,Counsel-approved articles/shareholders agreement and governance instruments; executed IP/contributor assignments; current cap table and corporate records; tax/accounting review; transaction-specific approvals.,"Commission counsel review, retain all unresolved points, and attach executed evidence before closing LEG-006 or signing equity/investment documents.",LEG-001 through LEG-006; Legifrance general context; Batch 5 legal lineage register,YES,Founder — EMOPET + named qualified legal counsel + Finance/Accounting as applicable,The fully counter-signed NNN is contract-lineage evidence only; enforceability and wider legal readiness are not assessed.
OPEN-DOC-009,,OPEN-DOC,Batch 5 controlled reissue for FIN-007 and cross-domain notes,OPEN — AUTHORITY MAPPED / FIN-007 AND CROSS-DOMAIN NOTES REQUIRE CONTROLLED CORRECTION BEFORE USE,"HIGH — BEFORE APPLICATION, PARTNER OR PUBLICATION USE",Document Control / Founder — EMOPET,"New controlled revision removing unsupported transmission, submission, quote-request and committee-date assertions; corrected legal lineage; cited programme terms; content QA and founder approval.",Do not overwrite sources. Create a new revision only after quotes and AudéLor confirmation; keep mass restyling blocked while OPEN-DOC-005 is open.,FIN-007; ZIP-0364; ZIP-0366; SUPR-027; SUPR-028; Batch 5 claim register,YES,Founder — EMOPET + Document Control after content QA,"This gate is documentary only and does not close funding, legal, transmission, Product, science, manufacturing or publication gates."
OPEN-DOC-010,,OPEN-DOC,Batch 3 science checkpoint local archive and sidecar divergence,CLOSED FOR LOCAL CUSTODY RECOVERY — EXACT CONTROLLED ZIP RESTORED / NOT RELEASED,CRITICAL — BEFORE RELYING ON THE LOCAL BATCH 3 ZIP,Document Control / Release Engineering,Satisfied 2026-08-29: recovered archive SHA-256 a457008037a5b14e47ae3c248728c375b3c4e5c4bf40bdf2b3e685c70f293aac matches the controlled sidecar and ZIP test passes.,Use the restored exact archive. Retain the two corrupt local artifacts in quarantine; do not promote the checkpoint to RELEASED.,Batch 3 sidecar and verification report; global checkpoint preflight 2026-08-28,NO,Document Control + independent archive/hash verification,"The 35,151,360-byte corrupt archive (SHA-256 17ca68e17eb64d97e98d1735e3dd78740874e64807939226307aac9c042aebed) and 4,194,304-byte partial file remain preserved under 10_RELEASE_CONTROL/QUARANTINE/BATCH3_CUSTODY_2026-08-29."
