path,type,size_bytes,sha256,manifest_size_match,manifest_hash_match,third_party_original,prior_r1_5_path,r1_5_to_r1_6_lineage,docx_content_qa,active_comments,tracked_changes,forbidden_visible_residue,fallback_font_mentions,overall_result
00_README_AND_TRANSMITTAL/README_AND_TRANSMITTAL_r1.6.docx,DOCX,43677,79fe0294d3223772b5df5243fe923db34850ab6bd8820d85f87fd60f3315ac70,PASS,PASS,NO,00_README_AND_TRANSMITTAL/README_AND_TRANSMITTAL_r1.5.docx,CHANGED,PASS,0,0,0,0,PASS
00_README_AND_TRANSMITTAL/README_AND_TRANSMITTAL_r1.6.pdf,PDF,57616,3ab73e640d54453fa0d5fd7a8c7ead23deb45751b8ec876140c750316e196849,PASS,PASS,NO,00_README_AND_TRANSMITTAL/README_AND_TRANSMITTAL_r1.5.pdf,CHANGED,N/A,0,0,0,0,PASS
00_README_AND_TRANSMITTAL/SUP-MOKO-005_Transmittal_Update_r1.6.docx,DOCX,44601,4862084bbae0fab054508295a370a5da01074fd3605032acaf8a266b20710c3b,PASS,PASS,NO,00_README_AND_TRANSMITTAL/SUP-MOKO-005_Transmittal_Update_r1.5.docx,CHANGED,PASS,0,0,0,0,PASS
00_README_AND_TRANSMITTAL/SUP-MOKO-005_Transmittal_Update_r1.6.pdf,PDF,63535,2012cd8f42ec70f17c266c2f3b2c47c5377d8e6287cd5a605b659c461b28647e,PASS,PASS,NO,00_README_AND_TRANSMITTAL/SUP-MOKO-005_Transmittal_Update_r1.5.pdf,CHANGED,N/A,0,0,0,0,PASS
01_LEGAL/LEG-SUP-002_EMOPET_MOKO_Master_NNN_EN_CN_Executed.pdf,PDF,799478,332a1e971215ed959cc1a7de71b14f03eb4b2ec11a3264bc8c2c7139b17a8b7b,PASS,PASS,PASS,01_LEGAL/LEG-SUP-002_EMOPET_MOKO_Master_NNN_EN_CN_Executed.pdf,BYTE_IDENTICAL,N/A,0,0,0,0,PASS
01_LEGAL/LEG-SUP-005_EMOPET_MOKO_Power_Of_Attorney_EN_CN_Executed.pdf,PDF,525887,d426978b1013b7b00c73c4e02bc94759b9ada1a287efb135029f2b85d9ccac33,PASS,PASS,PASS,01_LEGAL/LEG-SUP-005_EMOPET_MOKO_Power_Of_Attorney_EN_CN_Executed.pdf,BYTE_IDENTICAL,N/A,0,0,0,0,PASS
01_LEGAL/LEG-SUP-009_MOKO_Technology_Ltd_Company_Profile.pdf,PDF,1198816,064c59449b05c5c0c423c26cafbf09e02c3b1f3f6db831745a6eda3a7039b3bb,PASS,PASS,PASS,01_LEGAL/LEG-SUP-009_MOKO_Technology_Ltd_Company_Profile.pdf,BYTE_IDENTICAL,N/A,0,0,0,0,PASS
01_LEGAL/LEG-SUP-010_Huachuang_Business_Licence_2021-12-24.pdf,PDF,516633,52cbc2b74ac2cd931d86f127a1f68d5fd07dd565ff74aa34079cc0eff5039c29,PASS,PASS,PASS,01_LEGAL/LEG-SUP-010_Huachuang_Business_Licence_2021-12-24.pdf,BYTE_IDENTICAL,N/A,0,0,0,0,PASS
02_PROJECT_OVERVIEW/PRD-MAT-001_EMOPET_MAT_Product_Definition.docx,DOCX,53184,76c161bdda2cade32d14fb3f8c9906af9b665f3e3f98865eeca8ef70f159b647,PASS,PASS,NO,02_PROJECT_OVERVIEW/PRD-MAT-001_EMOPET_MAT_Product_Definition.docx,CHANGED,PASS,0,0,0,0,PASS
02_PROJECT_OVERVIEW/PRD-TAG-001_EMOPET_TAG_Product_Intent.docx,DOCX,44736,20e22e5ff4dbafaa0b118b83e1ecd6c7bbd0da56b94c598a4da3f49d7ee6ef2d,PASS,PASS,NO,02_PROJECT_OVERVIEW/PRD-TAG-001_EMOPET_TAG_Product_Intent.docx,CHANGED,PASS,0,0,0,0,PASS
03_CURRENT_ENGINEERING_BASELINE/ENG-003_EMOPET_Industrial_Registers_Phase_B.xlsx,XLSX,70955,a61d9c733f395ecccda3ca4b5544bb0c50582275df705f6b5609e36e72419ae7,PASS,PASS,NO,03_CURRENT_ENGINEERING_BASELINE/ENG-003_EMOPET_Industrial_Registers_Phase_B.xlsx,BYTE_IDENTICAL,N/A,0,0,0,0,PASS
03_CURRENT_ENGINEERING_BASELINE/SUP-MOKO-001_EMOPET_MOKO_Technical_Disclosure_Maturity.docx,DOCX,54642,537f1686e1fad4f4630335d53eabe11e0668bf0cc6624d35707cee5f55e93372,PASS,PASS,NO,03_CURRENT_ENGINEERING_BASELINE/SUP-MOKO-001_EMOPET_MOKO_Technical_Disclosure_Maturity.docx,CHANGED,PASS,0,0,0,0,PASS
03_CURRENT_ENGINEERING_BASELINE/SUP-MOKO-006_Consolidated_Current_Engineering_Baseline_Authority_r1.6.docx,DOCX,45306,50c479f1fbe678a085fe56c6faea5a1e1384c34f3c9feff626ee947a19e0fd85,PASS,PASS,NO,03_CURRENT_ENGINEERING_BASELINE/SUP-MOKO-006_Consolidated_Current_Engineering_Baseline_Authority_r1.5.docx,CHANGED,PASS,0,0,0,0,PASS
03_CURRENT_ENGINEERING_BASELINE/SUP-MOKO-006_Consolidated_Current_Engineering_Baseline_Authority_r1.6.pdf,PDF,68002,124c978e759966338b0a6126af92677fc809efad0df389ec0689c042a13e73a9,PASS,PASS,NO,03_CURRENT_ENGINEERING_BASELINE/SUP-MOKO-006_Consolidated_Current_Engineering_Baseline_Authority_r1.5.pdf,CHANGED,N/A,0,0,0,0,PASS
04_MAT_PHASE0_REVIEW/ENG-MAT-001_EMOPET_MAT_Phase0_Bench_Execution_Pack.docx,DOCX,48814,87aaf92cc700b3aa0863a2583e25298ebe714a8d9804e66d9f18a3df2831804c,PASS,PASS,NO,04_MAT_PHASE0_REVIEW/ENG-MAT-001_EMOPET_MAT_Phase0_Bench_Execution_Pack.docx,CHANGED,PASS,0,0,0,0,PASS
04_MAT_PHASE0_REVIEW/ENG-MAT-002_EMOPET_MAT_Phase0_Engineering_Registers.xlsx,XLSX,68153,8307f9fc2aa1195d5c18408b8393a2af9a0d02c2a2ed1c1669862e3493da22e5,PASS,PASS,NO,04_MAT_PHASE0_REVIEW/ENG-MAT-002_EMOPET_MAT_Phase0_Engineering_Registers.xlsx,BYTE_IDENTICAL,N/A,0,0,0,0,PASS
04_MAT_PHASE0_REVIEW/ENG-MAT-003_EMOPET_MAT_Phase0_KiCad_Release_Gate.docx,DOCX,54979,14d9760b8e06ae62b14fe971bcc9ca79fa7231aecc591b87c4649a0888acc8c0,PASS,PASS,NO,04_MAT_PHASE0_REVIEW/ENG-MAT-003_EMOPET_MAT_Phase0_KiCad_Release_Gate.docx,CHANGED,PASS,0,0,0,0,PASS
04_MAT_PHASE0_REVIEW/ENG-MAT-004_EMOPET_MAT_Phase0_Static_Native_Validation.docx,DOCX,57018,467cd43ab063066fc6c709bdabf4b33b4cae2ee8fcbb1d30cdac743e488c5e8a,PASS,PASS,NO,04_MAT_PHASE0_REVIEW/ENG-MAT-004_EMOPET_MAT_Phase0_Static_Native_Validation.docx,CHANGED,PASS,0,0,0,0,PASS
04_MAT_PHASE0_REVIEW/ENG-MAT-005_EMOPET_MAT_Phase0_Manufacturing_Release_Gate.docx,DOCX,54615,6efe832872f5a43f7ade1bfac74e42d7d92c683a203258cbee371402c2cc18c5,PASS,PASS,NO,04_MAT_PHASE0_REVIEW/ENG-MAT-005_EMOPET_MAT_Phase0_Manufacturing_Release_Gate.docx,CHANGED,PASS,0,0,0,0,PASS
05_TAG_REVIEW/ENG-TAG-001_EMOPET_TAG_Battery_And_Repairability_Feasibility_Gate.docx,DOCX,55470,d2c5902d50b6eca31718fa64f7b52ac7478c05f211e4ec14850de640a2cf3410,PASS,PASS,NO,05_TAG_REVIEW/ENG-TAG-001_EMOPET_TAG_Battery_And_Repairability_Feasibility_Gate.docx,CHANGED,PASS,0,0,0,0,PASS
05_TAG_REVIEW/decisions/ANTENNA_Topology_KeepOut.docx,DOCX,19976,57691f3f719d5080ca77910ee68fbcb5f946315d74035aed1b93ef1e35918077,PASS,PASS,NO,05_TAG_REVIEW/decisions/ANTENNA_Topology_KeepOut.docx,CHANGED,PASS,0,0,0,0,PASS
05_TAG_REVIEW/decisions/CHARGE_MCP73831_Gate.docx,DOCX,20530,707fbe4cc748b879f40ccd3d82a31aade234a1b2e52af963cac9d725818c7892,PASS,PASS,NO,05_TAG_REVIEW/decisions/CHARGE_MCP73831_Gate.docx,CHANGED,PASS,0,0,0,0,PASS
05_TAG_REVIEW/decisions/CHARGING_Connector_Placement.docx,DOCX,19604,6fbd5f7c086106e9c01fac0c329afbabb2c3e260bf3e013b42b38d7ed94a4ae4,PASS,PASS,NO,05_TAG_REVIEW/decisions/CHARGING_Connector_Placement.docx,CHANGED,PASS,0,0,0,0,PASS
05_TAG_REVIEW/decisions/MECHANICAL_Envelope_Battery_FitCheck.docx,DOCX,18899,b5f16612cb61125497d1da37a2634de26cd846aad5f9239d2eb2fb996d0d3443,PASS,PASS,NO,05_TAG_REVIEW/decisions/MECHANICAL_Envelope_Battery_FitCheck.docx,CHANGED,PASS,0,0,0,0,PASS
05_TAG_REVIEW/decisions/MIC_INMP441_Interface.docx,DOCX,20825,f5ff5bce27512d27d1d8422cd9dcb2f5105b150ad0a99d15960c458ef49c868c,PASS,PASS,NO,05_TAG_REVIEW/decisions/MIC_INMP441_Interface.docx,CHANGED,PASS,0,0,0,0,PASS
05_TAG_REVIEW/decisions/PCB_Thickness_1p0_vs_1p6.docx,DOCX,18719,c1f44040642645569b34f41f5ca324043f8c4013c5ad05b339e95147fcf8e70c,PASS,PASS,NO,05_TAG_REVIEW/decisions/PCB_Thickness_1p0_vs_1p6.docx,CHANGED,PASS,0,0,0,0,PASS
05_TAG_REVIEW/decisions/TEMPERATURE_TMP117_vs_NTC10K_Decision.docx,DOCX,19960,9b72b4db779065f3f1dfdafe3703863a0f1665af693404cfe8c8699634512841,PASS,PASS,NO,05_TAG_REVIEW/decisions/TEMPERATURE_TMP117_vs_NTC10K_Decision.docx,CHANGED,PASS,0,0,0,0,PASS
05_TAG_REVIEW/firmware/ICD_Final_DRAFT.docx,DOCX,22482,b615a96930a52da7a8636b9eca1fae62bf752a786366918f30700badef915860,PASS,PASS,NO,05_TAG_REVIEW/firmware/ICD_Final_DRAFT.docx,CHANGED,PASS,0,0,0,0,PASS
05_TAG_REVIEW/source_evidence/BATTERY_602030_EXACT_SOURCE_GATE_B1R.docx,DOCX,20188,2b0b68bcf7e7a6f8ccef6310527e6672eeff3b8c4e2a77979e123d3ecf8273fb,PASS,PASS,NO,05_TAG_REVIEW/source_evidence/BATTERY_602030_EXACT_SOURCE_GATE_B1R.docx,CHANGED,PASS,0,0,0,0,PASS
05_TAG_REVIEW/source_evidence/BATTERY_PHASE2_SOURCE_READINESS_B1R.docx,DOCX,19299,9fcea56b20b84f3462097d0178b5b3d3b0408513150b841599ab3f71f30eed3c,PASS,PASS,NO,05_TAG_REVIEW/source_evidence/BATTERY_PHASE2_SOURCE_READINESS_B1R.docx,CHANGED,PASS,0,0,0,0,PASS
05_TAG_REVIEW/source_evidence/REMOTE_LOCATION_HARDWARE_SOURCE_GATE_PHASE1R2.docx,DOCX,19821,57d83c46dc05ca0d37b6da5b98f962a8af0fa33d8f38f2b1e7c8cd3330efa1bf,PASS,PASS,NO,05_TAG_REVIEW/source_evidence/REMOTE_LOCATION_HARDWARE_SOURCE_GATE_PHASE1R2.docx,CHANGED,PASS,0,0,0,0,PASS
05_TAG_REVIEW/validation_targets/Autonomy_Measured.docx,DOCX,19080,d186545d3bec558b6c22b9d500c1a7fc380108f67f9a7441366669af712e8e42,PASS,PASS,NO,05_TAG_REVIEW/validation_targets/Autonomy_Measured.docx,CHANGED,PASS,0,0,0,0,PASS
05_TAG_REVIEW/validation_targets/IP67_Sealing.docx,DOCX,19010,63edc0a0ee0fc2486f67213cb7ba709b1371c03a725ab686d68c961993cfa962,PASS,PASS,NO,05_TAG_REVIEW/validation_targets/IP67_Sealing.docx,CHANGED,PASS,0,0,0,0,PASS
05_TAG_REVIEW/validation_targets/Mass_Budget.docx,DOCX,18231,a7d35fdeb0814948be90a8c65d02728c8e2c8f835ae7d06efcd77e914290c47a,PASS,PASS,NO,05_TAG_REVIEW/validation_targets/Mass_Budget.docx,CHANGED,PASS,0,0,0,0,PASS
05_TAG_REVIEW/validation_targets/RF_Performance.docx,DOCX,19438,2dcfeb4b9abcb81057091df31462d6db0e489d0e79a698055f7024c3fb3e7b7b,PASS,PASS,NO,05_TAG_REVIEW/validation_targets/RF_Performance.docx,CHANGED,PASS,0,0,0,0,PASS
05_TAG_REVIEW/validation_targets/Thermal.docx,DOCX,19292,8bb7c7abc0fc5d806c22802c7c0a59bcc10d180575c52541c55330116ef7d43f,PASS,PASS,NO,05_TAG_REVIEW/validation_targets/Thermal.docx,CHANGED,PASS,0,0,0,0,PASS
05_TAG_REVIEW/validation_targets/WearQuality_Protocol.docx,DOCX,20272,9b5e45a6fbb9d27a63ca11fc6a8b4ccc4eba7e9588ca6deb26be4766da5a2048,PASS,PASS,NO,05_TAG_REVIEW/validation_targets/WearQuality_Protocol.docx,CHANGED,PASS,0,0,0,0,PASS
06_MOKO_REQUESTS/MOKO_REQUESTS_AND_CHANGE_REGISTER.docx,DOCX,44176,5905a027a6adda0d96b486c676d00c252b42cb638ecc0927662b595d27b5dadc,PASS,PASS,NO,06_MOKO_REQUESTS/MOKO_REQUESTS_AND_CHANGE_REGISTER.docx,CHANGED,PASS,0,0,0,0,PASS
06_MOKO_REQUESTS/SUP-MOKO-003_EMOPET_MAT_Phase0_Engineering_RFQ.docx,DOCX,44360,9fe5b18c0d139f8e3ca28c62735ccbc1a79603bc4d040a352027e548b59494bb,PASS,PASS,NO,06_MOKO_REQUESTS/SUP-MOKO-003_EMOPET_MAT_Phase0_Engineering_RFQ.docx,CHANGED,PASS,0,0,0,0,PASS
06_MOKO_REQUESTS/SUP-MOKO-008_Gerber_Position_And_Delivery_Plan.docx,DOCX,15009,75d4fba16d881005b784f793a8e6bfa38620493b80384c589db0545d921f0f6d,PASS,PASS,NO,06_MOKO_REQUESTS/SUP-MOKO-008_Gerber_Position_And_Delivery_Plan.docx,CHANGED,PASS,0,0,0,0,PASS
06_MOKO_REQUESTS/SUP-MOKO-009_Request_O_HighZ_Process_Capability.docx,DOCX,14739,2bb100830507d7f9387308408e51a65fcd071ae8e06a4c4c924036eda6b10909,PASS,PASS,NO,06_MOKO_REQUESTS/SUP-MOKO-009_Request_O_HighZ_Process_Capability.docx,CHANGED,PASS,0,0,0,0,PASS
06_MOKO_REQUESTS/SUP-MOKO-010_TAG_MAT_Quotation_Basis.docx,DOCX,14868,a44c7c67739f6d9180b399f9bec21dabedc306663261a98fc9af18ea96691b94,PASS,PASS,NO,06_MOKO_REQUESTS/SUP-MOKO-010_TAG_MAT_Quotation_Basis.docx,CHANGED,PASS,0,0,0,0,PASS
06_MOKO_REQUESTS/SUP-MOKO-011_Open_Gates_Closure_Inputs_and_Review_Questions_r1.6.docx,DOCX,45901,f1620dad18db1dc2a7fc365e63935927ba62c735682b2a8e09a5119fa014b060,PASS,PASS,NO,06_MOKO_REQUESTS/SUP-MOKO-011_Open_Gates_Closure_Inputs_and_Review_Questions_r1.5.docx,CHANGED,PASS,0,0,0,0,PASS
06_MOKO_REQUESTS/SUP-MOKO-011_Open_Gates_Closure_Inputs_and_Review_Questions_r1.6.pdf,PDF,79090,08b4921509423b21c7accf8c51e927c272618dd4286230912d3be3359a254e8a,PASS,PASS,NO,06_MOKO_REQUESTS/SUP-MOKO-011_Open_Gates_Closure_Inputs_and_Review_Questions_r1.5.pdf,CHANGED,N/A,0,0,0,0,PASS
07_DISCLOSURE_AND_CHANGE_REGISTER/DISCLOSURE_REGISTER_r1.6.docx,DOCX,43437,846bda23551625b54160ed6b81146422547415943ad171fd95b97646d1d45a3f,PASS,PASS,NO,07_DISCLOSURE_AND_CHANGE_REGISTER/DISCLOSURE_REGISTER_r1.5.docx,CHANGED,PASS,0,0,0,0,PASS
07_DISCLOSURE_AND_CHANGE_REGISTER/DISCLOSURE_REGISTER_r1.6.pdf,PDF,54282,db1d107e2a7684bf97d9b6f70df612e11270526993a51f000998be0e000a9001,PASS,PASS,NO,07_DISCLOSURE_AND_CHANGE_REGISTER/DISCLOSURE_REGISTER_r1.5.pdf,CHANGED,N/A,0,0,0,0,PASS
