file_id,source_path,logical_document_id,title,source_cluster,original_batch,controlled_route,document_role,authority_disposition,canonical_or_superseded_status,content_authority,evidence_status,conflict_or_limitation,required_action,source_sha256,third_party_original,duplicate_status,review_status
ZIP-0010,01_BASELINE_THROUGH_2026-08-24_1938Z/12_REV_A2R1_CURRENT_UPDATE_2026-08-24/02_TAG_EVIDENCE_R1_4/CLAUDE_DELTA_HANDOFF_2026-08-24_21H_V2.md,TAG-EVIDENCE-HANDOFF-2026-08-24,CLAUDE_DELTA_HANDOFF_2026-08-24_21H_V2,TAG_MAT_ENGINEERING_EVIDENCE,BATCH 3,BATCH 2,ENGINEERING SOURCE / MODEL / TEST-PLAN INPUT,REROUTED — BATCH 2 ENGINEERING EVIDENCE,SUPPORTING ENGINEERING SOURCE — MATURITY PER SOURCE,Current engineering authorities and open-gate register govern; these files remain source/model/test inputs only.,SOURCE / PARAMETRIC / TEST-PLAN EVIDENCE — NO PHYSICAL VALIDATION,"Source availability, plans and models do not select a component or establish autonomy, performance or manufacturing readiness.",Retain source and reconcile in living Batch 2 scope; execute controlled tests before technical conclusions.,47a257e4a5ee74a80daffde05cbb0ba0f4215e812175a70bd7e2712e2b167b5d,False,UNIQUE BY BINARY HASH,RECONCILED 2026-08-27 — NOT RELEASED
ZIP-0011,01_BASELINE_THROUGH_2026-08-24_1938Z/12_REV_A2R1_CURRENT_UPDATE_2026-08-24/02_TAG_EVIDENCE_R1_4/MAT_RfCf_LOW_FREQUENCY_RECOVERY_TRADE_STUDY.csv,ENG-MAT-RFCF-TRADE,MAT_RfCf_LOW_FREQUENCY_RECOVERY_TRADE_STUDY,TAG_MAT_ENGINEERING_EVIDENCE,BATCH 3,BATCH 2,ENGINEERING SOURCE / MODEL / TEST-PLAN INPUT,REROUTED — BATCH 2 ENGINEERING EVIDENCE,SUPPORTING ENGINEERING SOURCE — MATURITY PER SOURCE,Current engineering authorities and open-gate register govern; these files remain source/model/test inputs only.,SOURCE / PARAMETRIC / TEST-PLAN EVIDENCE — NO PHYSICAL VALIDATION,"Source availability, plans and models do not select a component or establish autonomy, performance or manufacturing readiness.",Retain source and reconcile in living Batch 2 scope; execute controlled tests before technical conclusions.,8f39ea7dabfac3004d130e4809fd0ee91338620c162427b19a8559e24752cef3,False,EXACT DUPLICATE MEMBER — EXACT-DUP-009,RECONCILED 2026-08-27 — NOT RELEASED
ZIP-0012,01_BASELINE_THROUGH_2026-08-24_1938Z/12_REV_A2R1_CURRENT_UPDATE_2026-08-24/02_TAG_EVIDENCE_R1_4/MAT_RfCf_LOW_FREQUENCY_RECOVERY_TRADE_STUDY.md,ENG-MAT-RFCF-TRADE,MAT_RfCf_LOW_FREQUENCY_RECOVERY_TRADE_STUDY,TAG_MAT_ENGINEERING_EVIDENCE,BATCH 3,BATCH 2,ENGINEERING SOURCE / MODEL / TEST-PLAN INPUT,REROUTED — BATCH 2 ENGINEERING EVIDENCE,SUPPORTING ENGINEERING SOURCE — MATURITY PER SOURCE,Current engineering authorities and open-gate register govern; these files remain source/model/test inputs only.,SOURCE / PARAMETRIC / TEST-PLAN EVIDENCE — NO PHYSICAL VALIDATION,"Source availability, plans and models do not select a component or establish autonomy, performance or manufacturing readiness.",Retain source and reconcile in living Batch 2 scope; execute controlled tests before technical conclusions.,14e479a8307e568e3d5448118398276b795f8850eff4d36f7a31f521cf102efb,False,EXACT DUPLICATE MEMBER — EXACT-DUP-003,RECONCILED 2026-08-27 — NOT RELEASED
ZIP-0014,01_BASELINE_THROUGH_2026-08-24_1938Z/12_REV_A2R1_CURRENT_UPDATE_2026-08-24/02_TAG_EVIDENCE_R1_4/TAG_NRF9151_OFFICIAL_SOURCE_CLOSURE_R2_2026-08-24.md,TAG-NRF9151-SOURCE-R2,TAG_NRF9151_OFFICIAL_SOURCE_CLOSURE_R2_2026-08-24,TAG_MAT_ENGINEERING_EVIDENCE,BATCH 3,BATCH 2,ENGINEERING SOURCE / MODEL / TEST-PLAN INPUT,REROUTED — BATCH 2 ENGINEERING EVIDENCE,SUPPORTING ENGINEERING SOURCE — MATURITY PER SOURCE,Current engineering authorities and open-gate register govern; these files remain source/model/test inputs only.,SOURCE / PARAMETRIC / TEST-PLAN EVIDENCE — NO PHYSICAL VALIDATION,"Source availability, plans and models do not select a component or establish autonomy, performance or manufacturing readiness.",Retain source and reconcile in living Batch 2 scope; execute controlled tests before technical conclusions.,7b21f666b0cb21ff00fc6c59b4e407df20883f27b1511fcdc8c6e30b320f48c4,False,UNIQUE BY BINARY HASH,RECONCILED 2026-08-27 — NOT RELEASED
ZIP-0021,01_BASELINE_THROUGH_2026-08-24_1938Z/12_REV_A2R1_CURRENT_UPDATE_2026-08-24/02_TAG_EVIDENCE_R1_4/TAG_S0_MEASUREMENT_RUN_MATRIX_2026-08-24.csv,TAG-S0-RUN-MATRIX,TAG_S0_MEASUREMENT_RUN_MATRIX_2026-08-24,TAG_MAT_ENGINEERING_EVIDENCE,BATCH 3,BATCH 2,ENGINEERING SOURCE / MODEL / TEST-PLAN INPUT,REROUTED — BATCH 2 ENGINEERING EVIDENCE,SUPPORTING ENGINEERING SOURCE — MATURITY PER SOURCE,Current engineering authorities and open-gate register govern; these files remain source/model/test inputs only.,SOURCE / PARAMETRIC / TEST-PLAN EVIDENCE — NO PHYSICAL VALIDATION,"Source availability, plans and models do not select a component or establish autonomy, performance or manufacturing readiness.",Retain source and reconcile in living Batch 2 scope; execute controlled tests before technical conclusions.,1c62fb08067e852cea1dc2d1403cdd83df89dd95a5b83fe4c9c26547b1e24837,False,UNIQUE BY BINARY HASH,RECONCILED 2026-08-27 — NOT RELEASED
ZIP-0022,01_BASELINE_THROUGH_2026-08-24_1938Z/12_REV_A2R1_CURRENT_UPDATE_2026-08-24/02_TAG_EVIDENCE_R1_4/TAG_S0_OFFICIAL_SOURCE_CAPTURE_2026-08-24.md,TAG-S0-SOURCE-CAPTURE,TAG_S0_OFFICIAL_SOURCE_CAPTURE_2026-08-24,TAG_MAT_ENGINEERING_EVIDENCE,BATCH 3,BATCH 2,ENGINEERING SOURCE / MODEL / TEST-PLAN INPUT,REROUTED — BATCH 2 ENGINEERING EVIDENCE,SUPPORTING ENGINEERING SOURCE — MATURITY PER SOURCE,Current engineering authorities and open-gate register govern; these files remain source/model/test inputs only.,SOURCE / PARAMETRIC / TEST-PLAN EVIDENCE — NO PHYSICAL VALIDATION,"Source availability, plans and models do not select a component or establish autonomy, performance or manufacturing readiness.",Retain source and reconcile in living Batch 2 scope; execute controlled tests before technical conclusions.,c17bb287e8da88712d017e23b6d554531cc0262f4c1ebbf428ae02f3d8636d39,False,UNIQUE BY BINARY HASH,RECONCILED 2026-08-27 — NOT RELEASED
ZIP-0047,01_BASELINE_THROUGH_2026-08-24_1938Z/12_REV_A2R1_CURRENT_UPDATE_2026-08-24/_SOURCE_PACKAGES/EMOPET_DELTA_R1_4_EVIDENCE_PACKAGE_FOR_CLAUDE_2026-08-24.zip,TAG-EVIDENCE-PACKAGE-R1.4,EMOPET_DELTA_R1_4_EVIDENCE_PACKAGE_FOR_CLAUDE_2026-08-24,TAG_MAT_ENGINEERING_EVIDENCE,BATCH 3,BATCH 2,ENGINEERING EVIDENCE PACKAGE,REROUTED — BATCH 2 ENGINEERING EVIDENCE,14-FILE SOURCE PACKAGE — LINEAGE VERIFIED / NOT SCIENCE AUTHORITY,Current engineering authorities and open-gate register govern; these files remain source/model/test inputs only.,14/14 MEMBERS TRACEABLE TO STANDALONE SOURCE IDENTITIES — NO PHYSICAL VALIDATION,The package is complete and internally readable; completeness does not promote the contained models or plans.,Retain source and reconcile in living Batch 2 scope; execute controlled tests before technical conclusions.,1c202fbf681d03c08a2055f4a5b1c72567ce9f990b65323af121f93ed8fa3cc1,False,UNIQUE BY BINARY HASH,RECONCILED 2026-08-27 — NOT RELEASED
ZIP-0069,01_BASELINE_THROUGH_2026-08-24_1938Z/EMOPET_BASELINE_v3.0_CONTROLLED/02_SCIENCE_AND_CLAIMS/SCI-001_EMOPET_Truth_Contract.docx,SCI-001,SCI-001_EMOPET_Truth_Contract,SCIENCE_AND_CLAIMS,BATCH 3,BATCH 3,TRUTH-CONTRACT AUTHORITY,CURRENT CONTROLLED NORMATIVE AUTHORITY — VALIDATION NOT IMPLIED,CANONICAL NORMATIVE CONTROL / NOT VALIDATION EVIDENCE,Defines the minimum inputs required before an insight can be treated as production-ready.,CONTROLLED INTERNAL — IMPLEMENTATION / VALIDATION EVIDENCE OPEN,"Normative requirements and architecture do not prove implementation, scientific validity or product performance.",Retain source; verify implementation and validation separately before any public or scientific claim.,473509d78562bd279e53123f68aa705da8af1e2c508c28b3fd35af59d71a204f,False,UNIQUE BY BINARY HASH,RECONCILED 2026-08-27 — NOT RELEASED
ZIP-0070,01_BASELINE_THROUGH_2026-08-24_1938Z/EMOPET_BASELINE_v3.0_CONTROLLED/02_SCIENCE_AND_CLAIMS/SCI-002_EMOPET_Claim_Guard_Specification.docx,SCI-002,SCI-002_EMOPET_Claim_Guard_Specification,SCIENCE_AND_CLAIMS,BATCH 3,BATCH 3,CLAIM-GUARD AUTHORITY,CURRENT CONTROLLED NORMATIVE AUTHORITY — VALIDATION NOT IMPLIED,CANONICAL NORMATIVE CONTROL / NOT VALIDATION EVIDENCE,Defines blocked/review/style terms and prohibits medical or emotional-truth claims.,CONTROLLED INTERNAL — IMPLEMENTATION / VALIDATION EVIDENCE OPEN,"Normative requirements and architecture do not prove implementation, scientific validity or product performance.",Retain source; verify implementation and validation separately before any public or scientific claim.,b46700effc1221d32329e6e29bf172009d7def13e57ae442f49110f0af7f383d,False,UNIQUE BY BINARY HASH,RECONCILED 2026-08-27 — NOT RELEASED
ZIP-0071,01_BASELINE_THROUGH_2026-08-24_1938Z/EMOPET_BASELINE_v3.0_CONTROLLED/02_SCIENCE_AND_CLAIMS/SCI-003_EMOPET_Trust_Ledger_And_Provenance_Model.docx,SCI-003,SCI-003_EMOPET_Trust_Ledger_And_Provenance_Model,SCIENCE_AND_CLAIMS,BATCH 3,BATCH 3,PROVENANCE-MODEL AUTHORITY,CURRENT CONTROLLED NORMATIVE AUTHORITY — VALIDATION NOT IMPLIED,CANONICAL NORMATIVE CONTROL / NOT VALIDATION EVIDENCE,"Defines observed, declared and interpreted truth classes and internal trace fields.",CONTROLLED INTERNAL — IMPLEMENTATION / VALIDATION EVIDENCE OPEN,"Normative requirements and architecture do not prove implementation, scientific validity or product performance.",Retain source; verify implementation and validation separately before any public or scientific claim.,6716cd702bc1f896acea0eb9c800c310b94c555c51ff62de2f6c394d4a86bf5f,False,UNIQUE BY BINARY HASH,RECONCILED 2026-08-27 — NOT RELEASED
ZIP-0072,01_BASELINE_THROUGH_2026-08-24_1938Z/EMOPET_BASELINE_v3.0_CONTROLLED/02_SCIENCE_AND_CLAIMS/SCI-004_EMOPET_Breiz_ELI_Boundary_And_AI_Transparency.docx,SCI-004,SCI-004_EMOPET_Breiz_ELI_Boundary_And_AI_Transparency,SCIENCE_AND_CLAIMS,BATCH 3,BATCH 3,BREIZ / ELI BOUNDARY AUTHORITY,CURRENT CONTROLLED NORMATIVE AUTHORITY — VALIDATION NOT IMPLIED,CANONICAL NORMATIVE CONTROL / NOT VALIDATION EVIDENCE,Defines Breiz as conversational/explanatory only and preserves separate AI Act applicability review.,CONTROLLED INTERNAL — IMPLEMENTATION / VALIDATION EVIDENCE OPEN,"Normative requirements and architecture do not prove implementation, scientific validity or product performance.",Retain source; verify implementation and validation separately before any public or scientific claim.,b46eeae05afbc2eb3cf48a1a38a43912c81e7f396e7281031892ebdf5f1531b5,False,UNIQUE BY BINARY HASH,RECONCILED 2026-08-27 — NOT RELEASED
ZIP-0073,01_BASELINE_THROUGH_2026-08-24_1938Z/EMOPET_BASELINE_v3.0_CONTROLLED/02_SCIENCE_AND_CLAIMS/SCI-005_EMOPET_AI_Semantic_Guardrails.docx,SCI-005,SCI-005_EMOPET_AI_Semantic_Guardrails,SCIENCE_AND_CLAIMS,BATCH 3,BATCH 3,AI SEMANTIC-GUARDRAIL AUTHORITY,CURRENT CONTROLLED NORMATIVE AUTHORITY — VALIDATION NOT IMPLIED,CANONICAL NORMATIVE CONTROL / NOT VALIDATION EVIDENCE,Defines controlled generation order and forbids invented medical or emotional meaning.,CONTROLLED INTERNAL — IMPLEMENTATION / VALIDATION EVIDENCE OPEN,"Normative requirements and architecture do not prove implementation, scientific validity or product performance.",Retain source; verify implementation and validation separately before any public or scientific claim.,cc337a139b2ba8f696eefa491325123b5e984f4d680e8230682f468f6592545c,False,UNIQUE BY BINARY HASH,RECONCILED 2026-08-27 — NOT RELEASED
ZIP-0074,01_BASELINE_THROUGH_2026-08-24_1938Z/EMOPET_BASELINE_v3.0_CONTROLLED/02_SCIENCE_AND_CLAIMS/SCI-006_EMOPET_ELS_Canonical_Semantic_Layer.docx,SCI-006,SCI-006_EMOPET_ELS_Canonical_Semantic_Layer,SCIENCE_AND_CLAIMS,BATCH 3,BATCH 3,CANONICAL SEMANTIC-LAYER ARCHITECTURE,CURRENT CONTROLLED NORMATIVE AUTHORITY — VALIDATION NOT IMPLIED,CANONICAL NORMATIVE CONTROL / NOT VALIDATION EVIDENCE,Defines the controlled ELS concept layer and client integration contract.,CONTROLLED INTERNAL — IMPLEMENTATION / VALIDATION EVIDENCE OPEN,"Normative requirements and architecture do not prove implementation, scientific validity or product performance.",Retain source; verify implementation and validation separately before any public or scientific claim.,1a1af2976218fb5498e40e27380b39c91e0b256a0248ff7cd24f15ac66a3a15f,False,UNIQUE BY BINARY HASH,RECONCILED 2026-08-27 — NOT RELEASED
ZIP-0075,01_BASELINE_THROUGH_2026-08-24_1938Z/EMOPET_BASELINE_v3.0_CONTROLLED/02_SCIENCE_AND_CLAIMS/SCI-100_EMOPET_Scientific_Foundation.docx,SCI-100,SCI-100_EMOPET_Scientific_Foundation,SCIENCE_DRAFT_FOUNDATION,BATCH 3,BATCH 3,DRAFT DERIVATIVE SCIENTIFIC FOUNDATION,DRAFT DERIVATIVE — NOT CANONICAL SCIENCE OR VALIDATION AUTHORITY,DRAFT / DERIVATIVE / SOURCE_NOT_RECONCILED,Carries hypotheses and a proof ladder only; cited EMOPET-SCI-ELI-001 and SCI-BIB-001 are not reconciled.,SOURCE_NOT_RECONCILED / EMPIRICAL VALIDATION ABSENT,Two sentences overstate implementation status despite the document's own HYPOTHESIS and no-validation boundary.,"Obtain exact cited sources, map claims, correct overstatements, obtain scientific review and issue a new controlled revision without overwriting this source.",b6b7968986522a8aca492c153c0cce789d6a307f12e93fb4b4ba0f3b8083298d,False,UNIQUE BY BINARY HASH,RECONCILED 2026-08-27 — NOT RELEASED
ZIP-0229,01_BASELINE_THROUGH_2026-08-24_1938Z/EMOPET_BASELINE_v3.0_CONTROLLED/10_REGISTERS_AND_EVIDENCE/COR-007_EMOPET_Manifest_SHA256.csv,COR-007,COR-007_EMOPET_Manifest_SHA256,BASELINE_RELEASE_CONTROL,BATCH 3,BATCH 0,HISTORICAL BASELINE-SCOPE SHA-256 MANIFEST,REROUTED — BATCH 0 RELEASE CONTROL / LISTED SCOPE VALID,VALID FOR 267-LINE HISTORICAL SCOPE / NOT CURRENT COMPLETE MANIFEST,Its 267 listed payloads pass size and SHA checks against the immutable ZIP; 39 later baseline additions are outside its scope.,267/267 PASS — 39 UNLISTED LATER ADDITIONS,It must not be used as the complete current global release manifest.,Preserve as historical release-control evidence; generate a new manifest only after a future controlled release freeze.,63fb5151ee88aedb5b3570967f2ce0e3df89e8aa263b05422751d8c67de48535,False,UNIQUE BY BINARY HASH,RECONCILED 2026-08-27 — NOT RELEASED
ZIP-0250,01_BASELINE_THROUGH_2026-08-24_1938Z/EMOPET_BASELINE_v3.0_CONTROLLED/11_REV_A2R1_CURRENT_UPDATE_2026-08-24/source_evidence/PHASE2_SOURCE_READINESS_AFTER_CAPTURE.md,TAG-PHASE2-SOURCE-READINESS,PHASE2_SOURCE_READINESS_AFTER_CAPTURE,TAG_MAT_ENGINEERING_EVIDENCE,BATCH 3,BATCH 2,ENGINEERING SOURCE / MODEL / TEST-PLAN INPUT,REROUTED — BATCH 2 / PARTIALLY SUPERSEDED SOURCE-READINESS WORDING,HISTORICAL SOURCE-READINESS INPUT — PARTIALLY SUPERSEDED BY R2,"ZIP-0014 governs later nRF9151 source-readiness status only; exact architecture, selection and autonomy remain open.",SOURCE / PARAMETRIC / TEST-PLAN EVIDENCE — NO PHYSICAL VALIDATION,"Earlier NOT READY wording is superseded only for parametric source readiness, never for component selection or final autonomy.",Retain source and reconcile in living Batch 2 scope; execute controlled tests before technical conclusions.,a6cbbe6c5e24cbb90fef9b382f4eb8300459d2fbc8ea17ec3e13b4b11574b0af,False,UNIQUE BY BINARY HASH,RECONCILED 2026-08-27 — NOT RELEASED
ZIP-0251,01_BASELINE_THROUGH_2026-08-24_1938Z/EMOPET_BASELINE_v3.0_CONTROLLED/11_REV_A2R1_CURRENT_UPDATE_2026-08-24/source_evidence/REMOTE_LOCATION_HARDWARE_SOURCE_GATE_PHASE1R2.md,TAG-REMOTE-LOCATION-SOURCE-GATE,REMOTE_LOCATION_HARDWARE_SOURCE_GATE_PHASE1R2,TAG_MAT_ENGINEERING_EVIDENCE,BATCH 3,BATCH 2,ENGINEERING SOURCE / MODEL / TEST-PLAN INPUT,REROUTED — BATCH 2 / PARTIALLY SUPERSEDED SOURCE-READINESS WORDING,HISTORICAL SOURCE-READINESS INPUT — PARTIALLY SUPERSEDED BY R2,"ZIP-0014 governs later nRF9151 source-readiness status only; exact architecture, selection and autonomy remain open.",SOURCE / PARAMETRIC / TEST-PLAN EVIDENCE — NO PHYSICAL VALIDATION,"Earlier NOT READY wording is superseded only for parametric source readiness, never for component selection or final autonomy.",Retain source and reconcile in living Batch 2 scope; execute controlled tests before technical conclusions.,16c9efeb0f7235ec099cc7de5d5f787959be3c24b95c69d59f5831d09e7543c2,False,UNIQUE BY BINARY HASH,RECONCILED 2026-08-27 — NOT RELEASED
ZIP-0419,04_RESEARCH_AND_EVIDENCE/DEEP_RESEARCH/EMOPET_GLOBAL_DOCUMENTATION_DEEP_RESEARCH_2026-08-25.md,RESEARCH-B3-001,EMOPET_GLOBAL_DOCUMENTATION_DEEP_RESEARCH_2026-08-25,DEEP_RESEARCH_PROVENANCE,BATCH 3,BATCH 3,RESEARCH / PROVENANCE INPUT,"RESEARCH INPUT — NOT AUTOMATIC DOCUMENT, BRAND, SCIENCE OR RELEASE AUTHORITY",HISTORICAL RESEARCH SNAPSHOT / NON-CANONICAL,May inform later reconciliation only after source-level verification and controlled decisions.,RESEARCH PROVENANCE — CLAIMS REQUIRE SEPARATE RECONCILIATION,"Embedded tool citations, sandbox links and pre-decision recommendations are not publication-ready or current authority.",Retain provenance; never mass-apply recommendations or present them as controlled EMOPET decisions.,7c07668937feba98fc69b3e3caf5f104e531885771261a9ac9a27a852cb4f331,False,UNIQUE BY BINARY HASH,RECONCILED 2026-08-27 — NOT RELEASED
ZIP-0420,04_RESEARCH_AND_EVIDENCE/DEEP_RESEARCH/EMOPET_GLOBAL_DOCUMENTATION_DEEP_RESEARCH_RAW.json,RESEARCH-B3-001-RAW,EMOPET_GLOBAL_DOCUMENTATION_DEEP_RESEARCH_RAW,DEEP_RESEARCH_PROVENANCE,BATCH 3,BATCH 3,RAW RESEARCH SESSION PROVENANCE,"RESEARCH INPUT — NOT AUTOMATIC DOCUMENT, BRAND, SCIENCE OR RELEASE AUTHORITY",RAW JSON PROVENANCE / NOT CLAIM AUTHORITY,May inform later reconciliation only after source-level verification and controlled decisions.,RESEARCH PROVENANCE — CLAIMS REQUIRE SEPARATE RECONCILIATION,"Embedded tool citations, sandbox links and pre-decision recommendations are not publication-ready or current authority.",Retain provenance; never mass-apply recommendations or present them as controlled EMOPET decisions.,2b285c16b6e4a7e4a571729845260d3e24ad5d31e040f4dfdebeff48e93b19a4,False,UNIQUE BY BINARY HASH,RECONCILED 2026-08-27 — NOT RELEASED
