file_id,logical_document_id,title,document_family,revision,owner,classification,current_status_source_literal,canonical_status_preliminary,authority_layer,authority_resolution,superseded_by,content_authority,evidence_status,citation_status,open_conflicts,required_action,profile_internal_master,profile_moko_confidential,profile_public,source_sha256,source_path,review_status
ZIP-0156,DATA-002,DATA-002_EMOPET_Data_Privacy_And_Data_Act_Baseline,DATA,2.0,Regulatory,CONFIDENTIAL,CONTROLLED,CURRENT CONTROLLED PRIVACY BASELINE — PRODUCT-SCOPE SENTENCE PARTIALLY SUPERSEDED,CONTROLLED PRIVACY / DATA SOURCE,RESOLVED — PRIVACY CONTROLS CURRENT; COMMUNITY/V1 MEMBERSHIP WORDING SUPERSEDED,PRD-005; PRD-002; PRD-003; PRD-APP-001 for Product membership only,DATA FLOWS / PRIVACY / DATA-ACT DESIGN INPUTS; NOT PRODUCT MEMBERSHIP,CONTROLLED_INTERNAL + REGULATORY_VERIFIED / APPLICABILITY OPEN,OFFICIAL DATA ACT SOURCE VERIFIED; LEGAL APPLICABILITY REVIEW REQUIRED,SUPR-015; LOCATION POLICY; RETENTION; LEGAL APPLICABILITY,Preserve privacy invariants; correct only Product-scope wording in a new controlled revision.,INCLUDE — CONTROLLED SOURCE / RECONCILIATION RECORD,DISCLOSURE MATRIX / CURRENT r1.6 AUTHORITY REQUIRED,EXPLICIT PUBLICATION APPROVAL REQUIRED,3f9dca09625fda32a28acb4534b99858b90ad35ac3d3027089b8d23c232612df,01_BASELINE_THROUGH_2026-08-24_1938Z/EMOPET_BASELINE_v3.0_CONTROLLED/05_DATA_PRIVACY_SECURITY_COMPLIANCE/DATA-002_EMOPET_Data_Privacy_And_Data_Act_Baseline.docx,BATCH 1 DOCUMENT-LEVEL AUTHORITY / REVISION / OWNER / CLASSIFICATION / PROFILE RECONCILED; CLAIM EVIDENCE PARTIAL
ZIP-0157,REG-001,REG-001_EMOPET_Regulatory_Baseline,LEG,1.0,Regulatory,CONFIDENTIAL,CONTROLLED,CONTROLLED INTERNAL WORKING REGULATORY BASELINE — NOT LEGAL ADVICE,CONTROLLED REGULATORY DESIGN INPUT,RESOLVED AT DOCUMENT LEVEL — KEY DATES VERIFIED; APPLICABILITY REMAINS OPEN,TO RECONCILE,DATED COMPLIANCE DESIGN INPUTS; FINAL LEGAL CLASSIFICATION NOT PROVIDED,REGULATORY_VERIFIED / LEGAL APPLICABILITY OPEN,KEY DATES VERIFIED TO OFFICIAL EU SOURCES 2026-08-26; CNIL/GDPR CLAIM RECONCILIATION PARTIAL,LEGAL/APPLICABILITY REVIEW REQUIRED; GDPR/CNIL connected-object source reconciliation incomplete,Retain NOT LEGAL ADVICE; assign legal owner and verify applicability before any release claim.,INCLUDE — CONTROLLED SOURCE / RECONCILIATION RECORD,DISCLOSURE MATRIX / CURRENT r1.6 AUTHORITY REQUIRED,EXPLICIT PUBLICATION APPROVAL REQUIRED,b82228aeb795a2c6344f0ab9a08fdf5a3143255c755a0cdca9261851387e2771,01_BASELINE_THROUGH_2026-08-24_1938Z/EMOPET_BASELINE_v3.0_CONTROLLED/05_DATA_PRIVACY_SECURITY_COMPLIANCE/REG-001_EMOPET_Regulatory_Baseline.docx,BATCH 1 DOCUMENT-LEVEL AUTHORITY / REVISION / OWNER / CLASSIFICATION / PROFILE RECONCILED; CLAIM EVIDENCE PARTIAL
ZIP-0043,OBS-001-DELTA,BASELINE_DELTA_PRODUCT_OBSERVATION_STANDARD_2026-08-24,OBS,2026-08-24,Product,INTERNAL CONTROLLED INPUT,PROPOSED PRODUCT STANDARD DELTA — CONTROLLED INTEGRATION PENDING,CONTROLLED INTEGRATION INPUT — NOT YET BASELINE,PRODUCT DIRECTION / INTEGRATION INPUT,RESOLVED — PRESERVE AS DELTA; OBS-001 CONTROLLED MASTER STILL REQUIRED,TO RECONCILE,PRODUCT DIRECTION ONLY; NO SCIENTIFIC VALIDATION,CONTROLLED_INTERNAL / EVIDENCE PENDING,PARTIAL — CLAIM REGISTER REQUIRED,SCIENTIFIC VALIDATION OPEN; CONTROLLED OBS MASTER NOT YET APPROVED,Integrate into governed OBS-001 draft without promoting scientific maturity.,INCLUDE — CONTROLLED SOURCE / RECONCILIATION RECORD,DISCLOSURE MATRIX / CURRENT r1.6 AUTHORITY REQUIRED,EXPLICIT PUBLICATION APPROVAL REQUIRED,d0c68fd7ac3db2108b78d8c358aac541a88e2b73471ee35ab47303f754811998,01_BASELINE_THROUGH_2026-08-24_1938Z/12_REV_A2R1_CURRENT_UPDATE_2026-08-24/04_PRODUCT_OBSERVATION_STANDARD/BASELINE_DELTA_PRODUCT_OBSERVATION_STANDARD_2026-08-24.md,BATCH 1 DOCUMENT-LEVEL AUTHORITY / REVISION / OWNER / CLASSIFICATION / PROFILE RECONCILED; CLAIM EVIDENCE PARTIAL
ZIP-0046,OBS-001-DRAFT,EMOPET_PRODUCT_OBSERVATION_STANDARD_v1_DRAFT,OBS,v1 DRAFT,Product,INTERNAL DRAFT,PROPOSED PRODUCT STANDARD — PRODUCT DIRECTION CONFIRMED — CONTROLLED BASELINE INTEGRATION PENDING,DRAFT PRODUCT DOCTRINE — NOT YET CONTROLLED OBS-001 MASTER,PRODUCT DIRECTION / DRAFT STANDARD,RESOLVED — PRODUCT DIRECTION PRESERVED; BASELINE APPROVAL PENDING,TO RECONCILE,PRODUCT DOCTRINE / ARCHITECTURE UNTIL SCIENTIFICALLY VALIDATED,CONTROLLED_INTERNAL / EVIDENCE PENDING,PARTIAL,"CONTROLLED MASTER, EXTERNAL VALIDATION AND CLAIM LIMITS OPEN",Reconcile as OBS-001 candidate; do not label scientifically validated.,INCLUDE — CONTROLLED SOURCE / RECONCILIATION RECORD,DISCLOSURE MATRIX / CURRENT r1.6 AUTHORITY REQUIRED,EXPLICIT PUBLICATION APPROVAL REQUIRED,b882acd8e6cebed503c28345312ec3704ead7bee2607e0a09538ad31bab3a9d9,01_BASELINE_THROUGH_2026-08-24_1938Z/12_REV_A2R1_CURRENT_UPDATE_2026-08-24/04_PRODUCT_OBSERVATION_STANDARD/EMOPET_PRODUCT_OBSERVATION_STANDARD_v1_DRAFT.md,BATCH 1 DOCUMENT-LEVEL AUTHORITY / REVISION / OWNER / CLASSIFICATION / PROFILE RECONCILED; CLAIM EVIDENCE PARTIAL
ZIP-0050,OBS-001-DRAFT-PACKAGE,EMOPET_PRODUCT_OBSERVATION_STANDARD_v1_DRAFT_PACKAGE,OBS,v1 DRAFT PACKAGE,Product,INTERNAL SOURCE PACKAGE,PRESERVED SOURCE PACKAGE,SOURCE PACKAGE — NOT AN INDEPENDENT AUTHORITY,SOURCE PACKAGE,RESOLVED — PACKAGE LINEAGE ONLY,TO RECONCILE,MEMBER DOCUMENT MATURITY GOVERNS,NOT_ASSESSED_AT_PACKAGE_LEVEL,MEMBER-LEVEL,NONE AT PACKAGE LEVEL / MEMBER GATES APPLY,Preserve package; reconcile member documents individually.,INCLUDE — CONTROLLED SOURCE / RECONCILIATION RECORD,DISCLOSURE MATRIX / CURRENT r1.6 AUTHORITY REQUIRED,EXPLICIT PUBLICATION APPROVAL REQUIRED,f5b67a7161b30e2e3b65a853be1189992c8af5d49b5102123151659123548522,01_BASELINE_THROUGH_2026-08-24_1938Z/12_REV_A2R1_CURRENT_UPDATE_2026-08-24/_SOURCE_PACKAGES/EMOPET_PRODUCT_OBSERVATION_STANDARD_v1_DRAFT_PACKAGE.zip,BATCH 1 DOCUMENT-LEVEL AUTHORITY / REVISION / OWNER / CLASSIFICATION / PROFILE RECONCILED; CLAIM EVIDENCE PARTIAL
ZIP-0044,OBS-002-DRAFT,EMOPET_OBSERVATION_CANONICAL_SCHEMA_v1_DRAFT,OBS,v1 DRAFT,Product,INTERNAL DRAFT,DRAFT,DRAFT — OBSERVATION SCHEMA INPUT,PRODUCT DRAFT,RESOLVED — DRAFT / NOT CONTROLLED BASELINE,TO RECONCILE,DRAFT PRODUCT ARCHITECTURE INPUT,CONTROLLED_INTERNAL / EVIDENCE PENDING,PARTIAL,CONTROLLED APPROVAL AND VALIDATION OPEN,Reconcile into OBS-002 controlled candidate after evidence and Product review.,INCLUDE — CONTROLLED SOURCE / RECONCILIATION RECORD,DISCLOSURE MATRIX / CURRENT r1.6 AUTHORITY REQUIRED,EXPLICIT PUBLICATION APPROVAL REQUIRED,a2d41165d86f816100326dabb9a3886263f885d91e85c2415c01efbff5529efe,01_BASELINE_THROUGH_2026-08-24_1938Z/12_REV_A2R1_CURRENT_UPDATE_2026-08-24/04_PRODUCT_OBSERVATION_STANDARD/EMOPET_OBSERVATION_CANONICAL_SCHEMA_v1_DRAFT.json,BATCH 1 DOCUMENT-LEVEL AUTHORITY / REVISION / OWNER / CLASSIFICATION / PROFILE RECONCILED; CLAIM EVIDENCE PARTIAL
ZIP-0421,OBS-006,OBS-006_EMOPET_Competitor_Owner_Evidence_Review_DRAFT,OBS,DRAFT / 2026-08-25,Product Research,INTERNAL DRAFT,DRAFT / EVIDENCE REVIEW INPUT — NOT A SCIENTIFIC VALIDATION,DRAFT EVIDENCE REVIEW — NOT SCIENTIFIC VALIDATION,EVIDENCE REVIEW INPUT,RESOLVED — DRAFT / SOURCE LIMITATIONS PRESERVED,TO RECONCILE,RESEARCH INPUT ONLY; CANNOT SELECT PRODUCT OR SCIENTIFIC CLAIMS,MIXED — COMPETITOR_CLAIM / PRIMARY_SURVEY / SOURCE_NOT_RECONCILED,PARTIAL — LIVE OFFICIAL CHECKS RECORDED,HARRIS WILLIAMS 85% CLAIM SOURCE_NOT_RECONCILED; INDEPENDENT VALIDATION LIMITED,Retain source tiers and conflict notes; do not present manufacturer claims as validation.,INCLUDE — CONTROLLED SOURCE / RECONCILIATION RECORD,DISCLOSURE MATRIX / CURRENT r1.6 AUTHORITY REQUIRED,EXPLICIT PUBLICATION APPROVAL REQUIRED,362c605f831cdc92476556b4a27120e512a163efaebf4dd924e7566b2dad0994,04_RESEARCH_AND_EVIDENCE/PRODUCT_OBSERVATION/OBS-006_EMOPET_Competitor_Owner_Evidence_Review_DRAFT.md,BATCH 1 DOCUMENT-LEVEL AUTHORITY / REVISION / OWNER / CLASSIFICATION / PROFILE RECONCILED; CLAIM EVIDENCE PARTIAL
ZIP-0045,OBS-UX-EXAMPLES-DRAFT,EMOPET_OBSERVATION_EXAMPLES_v1_DRAFT,OBS,v1 DRAFT,Product / UX,INTERNAL DRAFT,UX / SEMANTIC EXAMPLES — NOT SCIENTIFIC VALIDATION,DRAFT UX EXAMPLES — NOT VALIDATION,PRODUCT / UX DRAFT,RESOLVED — EXAMPLES ONLY; NO CLAIM AUTHORITY,TO RECONCILE,LANGUAGE EXAMPLES ONLY,ASSUMPTION / CONTROLLED_INTERNAL,NOT APPLICABLE TO EXAMPLE COPY / CLAIMS MUST TRACE,CONTROLLED UX POLICY AND SCIENTIFIC REVIEW OPEN,Use only as input to OBS-007; preserve abstention and non-diagnostic language.,INCLUDE — CONTROLLED SOURCE / RECONCILIATION RECORD,DISCLOSURE MATRIX / CURRENT r1.6 AUTHORITY REQUIRED,EXPLICIT PUBLICATION APPROVAL REQUIRED,923305b6ff6b8676d5bd1f16733ec7f2081dbca86a6f4038d415e85bc875595f,01_BASELINE_THROUGH_2026-08-24_1938Z/12_REV_A2R1_CURRENT_UPDATE_2026-08-24/04_PRODUCT_OBSERVATION_STANDARD/EMOPET_OBSERVATION_EXAMPLES_v1_DRAFT.md,BATCH 1 DOCUMENT-LEVEL AUTHORITY / REVISION / OWNER / CLASSIFICATION / PROFILE RECONCILED; CLAIM EVIDENCE PARTIAL
ZIP-0055,PRD-001,PRD-001_EMOPET_Public_Architecture_And_Naming,PRD,2.0,Product / Brand,CONFIDENTIAL,CONTROLLED,CURRENT CONTROLLED PRODUCT AUTHORITY — PUBLIC ARCHITECTURE / NAMING,CONTROLLED PRODUCT SOURCE,RESOLVED — CURRENT WITH LATER FOUNDER DECISIONS APPLYING WHERE EXPLICIT,TO RECONCILE,PUBLIC ENTRY ARCHITECTURE AND NAMING ONLY,CONTROLLED_INTERNAL,NOT APPLICABLE TO GOVERNANCE / EXTERNAL CLAIMS REQUIRE SOURCES,PROVISIONAL SIGNATURE REMAINS UNDER GUARDIAN TESTING,Preserve authority scope; do not expand public claims without approval.,INCLUDE — CONTROLLED SOURCE / RECONCILIATION RECORD,DISCLOSURE MATRIX / CURRENT r1.6 AUTHORITY REQUIRED,EXPLICIT PUBLICATION APPROVAL REQUIRED,5cf2482e017a69d7d1daca4ba47b77f9dfd3457813542583c8670c0f94a3d2a8,01_BASELINE_THROUGH_2026-08-24_1938Z/EMOPET_BASELINE_v3.0_CONTROLLED/01_PROJECT_AND_PRODUCT/PRD-001_EMOPET_Public_Architecture_And_Naming.docx,BATCH 1 DOCUMENT-LEVEL AUTHORITY / REVISION / OWNER / CLASSIFICATION / PROFILE RECONCILED; CLAIM EVIDENCE PARTIAL
ZIP-0056,PRD-002,PRD-002_EMOPET_Central_Product_Map,PRD,3.0,Product,CONFIDENTIAL,CONTROLLED,CURRENT CONTROLLED PRODUCT AUTHORITY — CENTRAL CAPABILITY MAP,CONTROLLED PRODUCT SOURCE,RESOLVED — CURRENT PRODUCT MAP,TO RECONCILE,CAPABILITY PLACEMENT; CAPABILITY-SPECIFIC SOURCES GOVERN DETAILS,CONTROLLED_INTERNAL,NOT APPLICABLE TO INTERNAL PRODUCT MAP,LOCAL CULTURE ROLE TO CONFIRM; ACTIVATION GATES REMAIN OPEN,Maintain role/maturity/activation separation.,INCLUDE — CONTROLLED SOURCE / RECONCILIATION RECORD,DISCLOSURE MATRIX / CURRENT r1.6 AUTHORITY REQUIRED,EXPLICIT PUBLICATION APPROVAL REQUIRED,84e590e3c4f0b7a867428c3c1c92b570c949b23f1a8ad0a6833a24e4dade9587,01_BASELINE_THROUGH_2026-08-24_1938Z/EMOPET_BASELINE_v3.0_CONTROLLED/01_PROJECT_AND_PRODUCT/PRD-002_EMOPET_Central_Product_Map.docx,BATCH 1 DOCUMENT-LEVEL AUTHORITY / REVISION / OWNER / CLASSIFICATION / PROFILE RECONCILED; CLAIM EVIDENCE PARTIAL
ZIP-0057,PRD-003,PRD-003_EMOPET_Product_Evolution_Roadmap,PRD,3.0,Product,CONFIDENTIAL,CONTROLLED,CURRENT CONTROLLED PRODUCT AUTHORITY — MATURITY / DEPTH / ACTIVATION ROADMAP,CONTROLLED PRODUCT SOURCE,RESOLVED — CURRENT ROADMAP SEMANTICS,TO RECONCILE,PROGRESSION SEMANTICS; DOES NOT PROMOTE TECHNICAL MATURITY OR SET DATES,CONTROLLED_INTERNAL,GATE EVIDENCE REQUIRED AT CLOSURE,ALL UNMET GATES REMAIN OPEN,Link gate closures only to controlled evidence.,INCLUDE — CONTROLLED SOURCE / RECONCILIATION RECORD,DISCLOSURE MATRIX / CURRENT r1.6 AUTHORITY REQUIRED,EXPLICIT PUBLICATION APPROVAL REQUIRED,01d2e65422d29b873de95b67dfc6deecfaba13837879d3bba5d9921ce7575eb1,01_BASELINE_THROUGH_2026-08-24_1938Z/EMOPET_BASELINE_v3.0_CONTROLLED/01_PROJECT_AND_PRODUCT/PRD-003_EMOPET_Product_Evolution_Roadmap.docx,BATCH 1 DOCUMENT-LEVEL AUTHORITY / REVISION / OWNER / CLASSIFICATION / PROFILE RECONCILED; CLAIM EVIDENCE PARTIAL
ZIP-0058,PRD-004,PRD-004_EMOPET_Application_Worksite_Execution_Order,PRD,2.0,Product,CONFIDENTIAL,CONTROLLED,CURRENT CONTROLLED EXECUTION ORDER — PARTIALLY SUPERSEDED FOR PRODUCT MEMBERSHIP WORDING,DERIVATIVE EXECUTION ORDER,RESOLVED — EXECUTION ORDER RETAINED; “HORS V1” PRODUCT-MEMBERSHIP IMPLICATION SUPERSEDED,PRD-005; PRD-002; PRD-003; PRD-APP-001 for Product membership,EXECUTION SEQUENCING ONLY; NOT PRODUCT MEMBERSHIP,CONTROLLED_INTERNAL,NOT APPLICABLE TO EXECUTION ORDER,SCOPED SUPERSESSION SUPR-015,Preserve source history; apply later Product doctrine when interpreting scope.,INCLUDE — CONTROLLED SOURCE / RECONCILIATION RECORD,DISCLOSURE MATRIX / CURRENT r1.6 AUTHORITY REQUIRED,EXPLICIT PUBLICATION APPROVAL REQUIRED,6735daf9f720b85f84a53f5c4a6dc15ff131b199577335bbc3c1751dcb4ba619,01_BASELINE_THROUGH_2026-08-24_1938Z/EMOPET_BASELINE_v3.0_CONTROLLED/01_PROJECT_AND_PRODUCT/PRD-004_EMOPET_Application_Worksite_Execution_Order.docx,BATCH 1 DOCUMENT-LEVEL AUTHORITY / REVISION / OWNER / CLASSIFICATION / PROFILE RECONCILED; CLAIM EVIDENCE PARTIAL
ZIP-0059,PRD-005,PRD-005_EMOPET_Minimum_Complete_Experience_Doctrine,PRD,2026-08-12,Founder / Product,CONFIDENTIAL,CONTROLLED,CURRENT CONTROLLED FOUNDER PRODUCT DOCTRINE,FOUNDER PRODUCT DECISION,RESOLVED — CURRENT PRODUCT DOCTRINE,TO RECONCILE,PRODUCT ROLE / DEPTH / MATURITY / ACTIVATION DOCTRINE,CONTROLLED_INTERNAL,NOT APPLICABLE TO PRODUCT DECISION,DOES NOT AUTHORIZE NEW CAPABILITIES OR CLOSE IMPLEMENTATION GATES,Use as governing interpretation for Product membership conflicts.,INCLUDE — CONTROLLED SOURCE / RECONCILIATION RECORD,DISCLOSURE MATRIX / CURRENT r1.6 AUTHORITY REQUIRED,EXPLICIT PUBLICATION APPROVAL REQUIRED,d7cee3a3581ecfb30eb9ff74d2e020dc4aba5710539bf49249770f01b8e542d7,01_BASELINE_THROUGH_2026-08-24_1938Z/EMOPET_BASELINE_v3.0_CONTROLLED/01_PROJECT_AND_PRODUCT/PRD-005_EMOPET_Minimum_Complete_Experience_Doctrine.docx,BATCH 1 DOCUMENT-LEVEL AUTHORITY / REVISION / OWNER / CLASSIFICATION / PROFILE RECONCILED; CLAIM EVIDENCE PARTIAL
ZIP-0060,PRD-APP-001,PRD-APP-001_EMOPET_Core_Product_Architecture_And_Initial_Experience_Depth,PRD,2.0,Product,CONFIDENTIAL,CONTROLLED,CURRENT CONTROLLED PRODUCT AUTHORITY — CORE ARCHITECTURE / INITIAL DEPTH,CONTROLLED PRODUCT SOURCE,RESOLVED — CURRENT PRODUCT SCOPE/DEPTH AUTHORITY,TO RECONCILE,PRODUCT MEMBERSHIP AND INITIAL DEPTH; OPEN ITEMS REMAIN OPEN,CONTROLLED_INTERNAL,NOT APPLICABLE TO PRODUCT DECISION,LOCAL CULTURE ROLE TO CONFIRM; OPEN DEPTH ITEMS,Preserve role/depth distinction and explicit open items.,INCLUDE — CONTROLLED SOURCE / RECONCILIATION RECORD,DISCLOSURE MATRIX / CURRENT r1.6 AUTHORITY REQUIRED,EXPLICIT PUBLICATION APPROVAL REQUIRED,9031eb2ea7ea0728bb9a63af9017e485afaebf0179991eeb9d4a39815f91dff6,01_BASELINE_THROUGH_2026-08-24_1938Z/EMOPET_BASELINE_v3.0_CONTROLLED/01_PROJECT_AND_PRODUCT/PRD-APP-001_EMOPET_Core_Product_Architecture_And_Initial_Experience_Depth.docx,BATCH 1 DOCUMENT-LEVEL AUTHORITY / REVISION / OWNER / CLASSIFICATION / PROFILE RECONCILED; CLAIM EVIDENCE PARTIAL
ZIP-0063,PRD-MAT-001,PRD-MAT-001_EMOPET_MAT_Product_Definition,PRD,1.0,Product,CONFIDENTIAL,CONTROLLED,CURRENT CONTROLLED PRODUCT DEFINITION — NOT ENGINEERING PROOF / NOT MANUFACTURING RELEASE,CONTROLLED PRODUCT SOURCE,RESOLVED — CURRENT PRODUCT DEFINITION; PHYSICAL GATES OPEN,TO RECONCILE,MAT PRODUCT INTENT; ENGINEERING SOURCES GOVERN PHYSICAL EVIDENCE,CONTROLLED_INTERNAL / PHYSICAL EVIDENCE PENDING,PARTIAL — DIMENSION/COMFORT CLAIM SOURCES REQUIRE RECONCILIATION,PRODUCT V1 FOOTPRINT NOT FROZEN; COMFORT/DIMENSION EX-003; SENSOR/STACK/VALIDATION OPEN,Preserve 900×600 Phase 0 provenance and treat 1000×700 / 1100×750 as historical visual only.,INCLUDE — CONTROLLED SOURCE / RECONCILIATION RECORD,DISCLOSURE MATRIX / CURRENT r1.6 AUTHORITY REQUIRED,EXPLICIT PUBLICATION APPROVAL REQUIRED,c7ae86437c57dd2729eb20856ec8f5b8bb9976c605abd06d5ec4fd2506f8d210,01_BASELINE_THROUGH_2026-08-24_1938Z/EMOPET_BASELINE_v3.0_CONTROLLED/01_PROJECT_AND_PRODUCT/PRD-MAT-001_EMOPET_MAT_Product_Definition.docx,BATCH 1 DOCUMENT-LEVEL AUTHORITY / REVISION / OWNER / CLASSIFICATION / PROFILE RECONCILED; CLAIM EVIDENCE PARTIAL
ZIP-0065,PRD-TAG-001,PRD-TAG-001_EMOPET_TAG_Product_Intent,PRD,1.1,Product,CONFIDENTIAL,CONTROLLED,CURRENT CONTROLLED PRODUCT INTENT — PARTIALLY SUPERSEDED BY LATER CONTROLLED GNSS/BATTERY DECISIONS,CONTROLLED PRODUCT INTENT,RESOLVED — PRODUCT ROLE PRESERVED; COMPONENT/BATTERY/POSITIONING STATUS CORRECTED BY LATER AUTHORITY,WORK MASTER PROMPT controlled TAG/B1R decisions; exact r1.6 MOKO authority where partner-scoped,TAG PRODUCT INTENT ONLY; NOT A DESIGN FREEZE OR COMPONENT SELECTION,CONTROLLED_INTERNAL / ENGINEERING EVIDENCE PENDING,PARTIAL — EXACT COMPONENT SOURCES REQUIRED,SUPR-016; NO BATTERY SELECTED; GNSS/MODULE/ANTENNA/PROVIDER TO SELECT; IMPLEMENTATION NOT VERIFIED,Carry the later controlled TAG/B1R status literals into the next controlled revision without rewriting this source.,INCLUDE — CONTROLLED SOURCE / RECONCILIATION RECORD,DISCLOSURE MATRIX / CURRENT r1.6 AUTHORITY REQUIRED,EXPLICIT PUBLICATION APPROVAL REQUIRED,6ebd5f1dc8c41e477c4ad15f8bc96eeaa8756c413febf24a73ba997074f294b2,01_BASELINE_THROUGH_2026-08-24_1938Z/EMOPET_BASELINE_v3.0_CONTROLLED/01_PROJECT_AND_PRODUCT/PRD-TAG-001_EMOPET_TAG_Product_Intent.docx,BATCH 1 DOCUMENT-LEVEL AUTHORITY / REVISION / OWNER / CLASSIFICATION / PROFILE RECONCILED; CLAIM EVIDENCE PARTIAL
ZIP-0066,SYS-001,SYS-001_EMOPET_Guardian_Controlled_Platform_Architecture,SYS,3.0,Product / Software Engineering,CONFIDENTIAL,CONTROLLED,CURRENT CONTROLLED SYSTEM / PRODUCT ARCHITECTURE,CONTROLLED SYSTEM SOURCE,RESOLVED — ARCHITECTURE AUTHORITY; IMPLEMENTATION NOT IMPLIED,TO RECONCILE,GUARDIAN / SERVER / CLIENT AUTHORITY BOUNDARIES AND DEGRADATION REQUIREMENTS,CONTROLLED_INTERNAL / IMPLEMENTATION EVIDENCE PENDING,NOT APPLICABLE TO INTERNAL ARCHITECTURE,DEGRADATION IMPLEMENTATION AND INTERFACE EVIDENCE OPEN,Retain architecture/implementation distinction.,INCLUDE — CONTROLLED SOURCE / RECONCILIATION RECORD,DISCLOSURE MATRIX / CURRENT r1.6 AUTHORITY REQUIRED,EXPLICIT PUBLICATION APPROVAL REQUIRED,27c5a4fedc70e02e47b7016b13dc7ca8f99f9bae37888c919d4b9c94def6c956,01_BASELINE_THROUGH_2026-08-24_1938Z/EMOPET_BASELINE_v3.0_CONTROLLED/01_PROJECT_AND_PRODUCT/SYS-001_EMOPET_Guardian_Controlled_Platform_Architecture.docx,BATCH 1 DOCUMENT-LEVEL AUTHORITY / REVISION / OWNER / CLASSIFICATION / PROFILE RECONCILED; CLAIM EVIDENCE PARTIAL
ZIP-0067,SYS-003,SYS-003_EMOPET_System_Status_Ledger,SYS,2.0,Product,CONFIDENTIAL,REFERENCE,REFERENCE STATUS SNAPSHOT — NON-NORMATIVE,REFERENCE / DERIVATIVE STATUS LEDGER,RESOLVED — REFERENCE ONLY; COR-005 AND LATER CONTROLLED SOURCES GOVERN,COR-005 and later controlled Product sources where status/product membership differs,NO NORMATIVE PRODUCT OR ENGINEERING AUTHORITY,CONTROLLED_INTERNAL / STATUS EVIDENCE REQUIRED,NOT APPLICABLE TO REFERENCE SNAPSHOT,SUPR-015 PRODUCT-MEMBERSHIP SCOPE,Use only as dated reference; do not infer delivery or Product exclusion.,INCLUDE — CONTROLLED SOURCE / RECONCILIATION RECORD,DISCLOSURE MATRIX / CURRENT r1.6 AUTHORITY REQUIRED,EXPLICIT PUBLICATION APPROVAL REQUIRED,78407850fbd9128ff2b9e4b931db0a2449a5020d88bb2eeef726159632e2033c,01_BASELINE_THROUGH_2026-08-24_1938Z/EMOPET_BASELINE_v3.0_CONTROLLED/01_PROJECT_AND_PRODUCT/SYS-003_EMOPET_System_Status_Ledger.docx,BATCH 1 DOCUMENT-LEVEL AUTHORITY / REVISION / OWNER / CLASSIFICATION / PROFILE RECONCILED; CLAIM EVIDENCE PARTIAL
